id,name,organismo_id/id
unidad_intn_organismo_onc,Unidad INTN,organismo_onc
unidad_intn_organismo_onc,Unidad INTN,organismo_onc
unidad_intn_organismo_onc,Unidad INTN,organismo_onc
unidad_intn_organismo_onc,Unidad INTN,organismo_onc
unidad_intn_organismo_onc,Unidad INTN,organismo_onc
unidad_intn_organismo_onc,Unidad INTN,organismo_onc
unidad_intn_organismo_onc,Unidad INTN,organismo_onc
unidad_intn_organismo_onc,Unidad INTN,organismo_onc
unidad_intn_organismo_onc,Unidad INTN,organismo_onc
unidad_intn_organismo_onc,Unidad INTN,organismo_onc
unidad_intn_organismo_onc,Unidad INTN,organismo_onc
unidad_intn_organismo_onc,Unidad INTN,organismo_onc
unidad_intn_organismo_onc,Unidad INTN,organismo_onc
unidad_intn_organismo_onc,Unidad INTN,organismo_onc
unidad_intn_organismo_onc,Unidad INTN,organismo_onc
unidad_intn_organismo_onc,Unidad INTN,organismo_onc
unidad_intn_organismo_onc,Unidad INTN,organismo_onc
unidad_intn_organismo_onc,Unidad INTN,organismo_onc
unidad_intn_organismo_onc,Unidad INTN,organismo_onc
unidad_intn_organismo_onc,Unidad INTN,organismo_onc
unidad_intn_organismo_onc,Unidad INTN,organismo_onc
unidad_intn_organismo_onc,Unidad INTN,organismo_onc
unidad_intn_organismo_onc,Unidad INTN,organismo_onc
unidad_intn_organismo_onc,Unidad INTN,organismo_onc
unidad_intn_organismo_onc,Unidad INTN,organismo_onc
unidad_intn_organismo_onc,Unidad INTN,organismo_onc
unidad_intn_organismo_onc,Unidad INTN,organismo_onc
unidad_intn_organismo_onc,Unidad INTN,organismo_onc
unidad_intn_organismo_onc,Unidad INTN,organismo_onc
unidad_intn_organismo_onc,Unidad INTN,organismo_onc
unidad_intn_organismo_onc,Unidad INTN,organismo_onc
unidad_intn_organismo_onc,Unidad INTN,organismo_onc
unidad_intn_organismo_onc,Unidad INTN,organismo_onc
unidad_intn_organismo_onc,Unidad INTN,organismo_onc
unidad_intn_organismo_onc,Unidad INTN,organismo_onc
unidad_intn_organismo_onc,Unidad INTN,organismo_onc
unidad_intn_organismo_onc,Unidad INTN,organismo_onc
unidad_intn_organismo_onc,Unidad INTN,organismo_onc
unidad_intn_organismo_onc,Unidad INTN,organismo_onc
unidad_intn_organismo_onc,Unidad INTN,organismo_onc
unidad_intn_organismo_onc,Unidad INTN,organismo_onc
unidad_intn_organismo_onc,Unidad INTN,organismo_onc
unidad_intn_organismo_onc,Unidad INTN,organismo_onc
unidad_intn_organismo_onc,Unidad INTN,organismo_onc
unidad_intn_organismo_onc,Unidad INTN,organismo_onc
unidad_intn_organismo_onc,Unidad INTN,organismo_onc
unidad_intn_organismo_onc,Unidad INTN,organismo_onc
unidad_intn_organismo_onc,Unidad INTN,organismo_onc
unidad_intn_organismo_onc,Unidad INTN,organismo_onc
unidad_intn_organismo_onc,Unidad INTN,organismo_onc
unidad_intn_organismo_onc,Unidad INTN,organismo_onc
unidad_intn_organismo_onc,Unidad INTN,organismo_onc
unidad_intn_organismo_onc,Unidad INTN,organismo_onc
unidad_intn_organismo_onc,Unidad INTN,organismo_onc
unidad_intn_organismo_onc,Unidad INTN,organismo_onc
unidad_intn_organismo_onc,Unidad INTN,organismo_onc
unidad_intn_organismo_onc,Unidad INTN,organismo_onc
unidad_intn_organismo_onc,Unidad INTN,organismo_onc
unidad_intn_organismo_onc,Unidad INTN,organismo_onc
unidad_intn_organismo_onc,Unidad INTN,organismo_onc
unidad_intn_organismo_onc,Unidad INTN,organismo_onc
unidad_intn_organismo_onc,Unidad INTN,organismo_onc
unidad_intn_organismo_onc,Unidad INTN,organismo_onc
unidad_intn_organismo_onc,Unidad INTN,organismo_onc
unidad_intn_organismo_onc,Unidad INTN,organismo_onc
unidad_intn_organismo_onc,Unidad INTN,organismo_onc
unidad_intn_organismo_onc,Unidad INTN,organismo_onc
unidad_intn_organismo_onc,Unidad INTN,organismo_onc
unidad_intn_organismo_onc,Unidad INTN,organismo_onc
unidad_intn_organismo_onc,Unidad INTN,organismo_onc
unidad_intn_organismo_onc,Unidad INTN,organismo_onc
unidad_intn_organismo_onc,Unidad INTN,organismo_onc
unidad_intn_organismo_onc,Unidad INTN,organismo_onc
unidad_intn_organismo_onc,Unidad INTN,organismo_onc
unidad_intn_organismo_onc,Unidad INTN,organismo_onc
unidad_intn_organismo_onc,Unidad INTN,organismo_onc
unidad_intn_organismo_onc,Unidad INTN,organismo_onc
unidad_intn_organismo_onc,Unidad INTN,organismo_onc
unidad_intn_organismo_onc,Unidad INTN,organismo_onc
unidad_intn_organismo_onc,Unidad INTN,organismo_onc
unidad_intn_organismo_onc,Unidad INTN,organismo_onc
unidad_intn_organismo_onc,Unidad INTN,organismo_onc
unidad_intn_organismo_onc,Unidad INTN,organismo_onc
unidad_intn_organismo_onc,Unidad INTN,organismo_onc
unidad_intn_organismo_onc,Unidad INTN,organismo_onc
unidad_intn_organismo_onc,Unidad INTN,organismo_onc
unidad_intn_organismo_onc,Unidad INTN,organismo_onc
unidad_intn_organismo_onc,Unidad INTN,organismo_onc
unidad_intn_organismo_onc,Unidad INTN,organismo_onc
unidad_intn_organismo_onc,Unidad INTN,organismo_onc
unidad_intn_organismo_onc,Unidad INTN,organismo_onc
unidad_intn_organismo_onc,Unidad INTN,organismo_onc
unidad_intn_organismo_onc,Unidad INTN,organismo_onc
unidad_intn_organismo_onc,Unidad INTN,organismo_onc
unidad_intn_organismo_onc,Unidad INTN,organismo_onc
unidad_intn_organismo_onc,Unidad INTN,organismo_onc
unidad_intn_organismo_onc,Unidad INTN,organismo_onc
unidad_intn_organismo_onc,Unidad INTN,organismo_onc
unidad_intn_organismo_onc,Unidad INTN,organismo_onc
unidad_intn_organismo_onc,Unidad INTN,organismo_onc
unidad_intn_organismo_onc,Unidad INTN,organismo_onc
unidad_intn_organismo_onc,Unidad INTN,organismo_onc
unidad_intn_organismo_onc,Unidad INTN,organismo_onc
unidad_intn_organismo_onc,Unidad INTN,organismo_onc
unidad_intn_organismo_onc,Unidad INTN,organismo_onc
unidad_intn_organismo_onc,Unidad INTN,organismo_onc
unidad_intn_organismo_onc,Unidad INTN,organismo_onc
unidad_intn_organismo_onc,Unidad INTN,organismo_onc
unidad_intn_organismo_onc,Unidad INTN,organismo_onc
unidad_intn_organismo_onc,Unidad INTN,organismo_onc
unidad_intn_organismo_onc,Unidad INTN,organismo_onc
unidad_intn_organismo_onc,Unidad INTN,organismo_onc
unidad_intn_organismo_onc,Unidad INTN,organismo_onc
unidad_intn_organismo_onc,Unidad INTN,organismo_onc
unidad_intn_organismo_oni,Unidad INTN,organismo_oni
unidad_intn_organismo_oni,Unidad INTN,organismo_oni
unidad_intn_organismo_oni,Unidad INTN,organismo_oni
unidad_intn_organismo_oni,Unidad INTN,organismo_oni
unidad_intn_organismo_oni,Unidad INTN,organismo_oni
unidad_intn_organismo_oni,Unidad INTN,organismo_oni
unidad_intn_organismo_oni,Unidad INTN,organismo_oni
unidad_intn_organismo_oni,Unidad INTN,organismo_oni
unidad_intn_organismo_oni,Unidad INTN,organismo_oni
unidad_intn_organismo_oni,Unidad INTN,organismo_oni
unidad_intn_organismo_oni,Unidad INTN,organismo_oni
unidad_intn_organismo_oni,Unidad INTN,organismo_oni
unidad_intn_organismo_oni,Unidad INTN,organismo_oni
unidad_intn_organismo_oni,Unidad INTN,organismo_oni
unidad_intn_organismo_oni,Unidad INTN,organismo_oni
unidad_intn_organismo_oni,Unidad INTN,organismo_oni
unidad_intn_organismo_oni,Unidad INTN,organismo_oni
unidad_intn_organismo_oni,Unidad INTN,organismo_oni
unidad_intn_organismo_oni,Unidad INTN,organismo_oni
unidad_intn_organismo_oni,Unidad INTN,organismo_oni
unidad_intn_organismo_oni,Unidad INTN,organismo_oni
unidad_intn_organismo_oni,Unidad INTN,organismo_oni
unidad_intn_organismo_oni,Unidad INTN,organismo_oni
unidad_intn_organismo_oni,Unidad INTN,organismo_oni
unidad_intn_organismo_oni,Unidad INTN,organismo_oni
unidad_intn_organismo_oni,Unidad INTN,organismo_oni
unidad_intn_organismo_oni,Unidad INTN,organismo_oni
unidad_intn_organismo_oni,Unidad INTN,organismo_oni
unidad_intn_organismo_oni,Unidad INTN,organismo_oni
unidad_intn_organismo_oni,Unidad INTN,organismo_oni
unidad_intn_organismo_oni,Unidad INTN,organismo_oni
unidad_intn_organismo_oni,Unidad INTN,organismo_oni
unidad_intn_organismo_oni,Unidad INTN,organismo_oni
unidad_intn_organismo_oni,Unidad INTN,organismo_oni
unidad_intn_organismo_oni,Unidad INTN,organismo_oni
unidad_intn_organismo_oni,Unidad INTN,organismo_oni
unidad_intn_organismo_oni,Unidad INTN,organismo_oni
unidad_intn_organismo_oni,Unidad INTN,organismo_oni
unidad_intn_organismo_oni,Unidad INTN,organismo_oni
unidad_intn_organismo_oni,Unidad INTN,organismo_oni
unidad_intn_organismo_oni,Unidad INTN,organismo_oni
unidad_intn_organismo_oni,Unidad INTN,organismo_oni
unidad_intn_organismo_oni,Unidad INTN,organismo_oni
unidad_intn_organismo_oni,Unidad INTN,organismo_oni
unidad_intn_organismo_oni,Unidad INTN,organismo_oni
unidad_intn_organismo_oni,Unidad INTN,organismo_oni
unidad_intn_organismo_oni,Unidad INTN,organismo_oni
unidad_intn_organismo_oni,Unidad INTN,organismo_oni
unidad_intn_organismo_oni,Unidad INTN,organismo_oni
unidad_intn_organismo_oni,Unidad INTN,organismo_oni
unidad_intn_organismo_oni,Unidad INTN,organismo_oni
unidad_intn_organismo_oni,Unidad INTN,organismo_oni
unidad_intn_organismo_oni,Unidad INTN,organismo_oni
unidad_intn_organismo_oni,Unidad INTN,organismo_oni
unidad_intn_organismo_oni,Unidad INTN,organismo_oni
unidad_intn_organismo_oni,Unidad INTN,organismo_oni
unidad_intn_organismo_oni,Unidad INTN,organismo_oni
unidad_intn_organismo_oni,Unidad INTN,organismo_oni
unidad_intn_organismo_oni,Unidad INTN,organismo_oni
unidad_intn_organismo_oni,Unidad INTN,organismo_oni
unidad_intn_organismo_oni,Unidad INTN,organismo_oni
,,
unidad_intn_organismo_oni,Unidad INTN,organismo_oni
unidad_intn_organismo_oni,Unidad INTN,organismo_oni
unidad_intn_organismo_oni,Unidad INTN,organismo_oni
unidad_intn_organismo_oni,Unidad INTN,organismo_oni
unidad_intn_organismo_oni,Unidad INTN,organismo_oni
unidad_intn_organismo_oni,Unidad INTN,organismo_oni
unidad_intn_organismo_oni,Unidad INTN,organismo_oni
unidad_intn_organismo_oni,Unidad INTN,organismo_oni
,,
unidad_intn_organismo_oni,Unidad INTN,organismo_oni
unidad_intn_organismo_oni,Unidad INTN,organismo_oni
unidad_intn_organismo_oni,Unidad INTN,organismo_oni
unidad_intn_organismo_oni,Unidad INTN,organismo_oni
unidad_intn_organismo_oni,Unidad INTN,organismo_oni
unidad_intn_organismo_oni,Unidad INTN,organismo_oni
unidad_intn_organismo_oni,Unidad INTN,organismo_oni
unidad_intn_organismo_oni,Unidad INTN,organismo_oni
unidad_intn_organismo_oni,Unidad INTN,organismo_oni
unidad_intn_organismo_oni,Unidad INTN,organismo_oni
unidad_intn_organismo_oni,Unidad INTN,organismo_oni
unidad_intn_organismo_oni,Unidad INTN,organismo_oni
unidad_intn_organismo_oni,Unidad INTN,organismo_oni
unidad_intn_organismo_oni,Unidad INTN,organismo_oni
unidad_intn_organismo_oni,Unidad INTN,organismo_oni
unidad_intn_organismo_oni,Unidad INTN,organismo_oni
unidad_intn_organismo_oni,Unidad INTN,organismo_oni
unidad_intn_organismo_oni,Unidad INTN,organismo_oni
unidad_intn_organismo_oni,Unidad INTN,organismo_oni
unidad_intn_organismo_oni,Unidad INTN,organismo_oni
unidad_intn_organismo_oni,Unidad INTN,organismo_oni
unidad_intn_organismo_oni,Unidad INTN,organismo_oni
unidad_intn_organismo_oni,Unidad INTN,organismo_oni
unidad_intn_organismo_oni,Unidad INTN,organismo_oni
unidad_intn_organismo_oni,Unidad INTN,organismo_oni
unidad_intn_organismo_oni,Unidad INTN,organismo_oni
unidad_intn_organismo_oni,Unidad INTN,organismo_oni
unidad_intn_organismo_oni,Unidad INTN,organismo_oni
unidad_intn_organismo_oni,Unidad INTN,organismo_oni
unidad_intn_organismo_oni,Unidad INTN,organismo_oni
unidad_intn_organismo_oni,Unidad INTN,organismo_oni
unidad_intn_organismo_oni,Unidad INTN,organismo_oni
unidad_intn_organismo_oni,Unidad INTN,organismo_oni
unidad_intn_organismo_oni,Unidad INTN,organismo_oni
unidad_intn_organismo_oni,Unidad INTN,organismo_oni
unidad_intn_organismo_oni,Unidad INTN,organismo_oni
unidad_intn_organismo_oni,Unidad INTN,organismo_oni
unidad_intn_organismo_oni,Unidad INTN,organismo_oni
unidad_intn_organismo_oni,Unidad INTN,organismo_oni
unidad_intn_organismo_oni,Unidad INTN,organismo_oni
unidad_intn_organismo_oni,Unidad INTN,organismo_oni
unidad_intn_organismo_oni,Unidad INTN,organismo_oni
unidad_intn_organismo_oni,Unidad INTN,organismo_oni
unidad_intn_organismo_oni,Unidad INTN,organismo_oni
unidad_intn_organismo_oni,Unidad INTN,organismo_oni
unidad_intn_organismo_oni,Unidad INTN,organismo_oni
unidad_intn_organismo_oni,Unidad INTN,organismo_oni
unidad_intn_organismo_oni,Unidad INTN,organismo_oni
unidad_intn_organismo_oni,Unidad INTN,organismo_oni
unidad_intn_organismo_oni,Unidad INTN,organismo_oni
unidad_intn_organismo_oni,Unidad INTN,organismo_oni
unidad_intn_organismo_oni,Unidad INTN,organismo_oni
unidad_intn_organismo_oni,Unidad INTN,organismo_oni
unidad_intn_organismo_oni,Unidad INTN,organismo_oni
unidad_intn_organismo_oni,Unidad INTN,organismo_oni
unidad_intn_organismo_oni,Unidad INTN,organismo_oni
unidad_intn_organismo_oni,Unidad INTN,organismo_oni
unidad_intn_organismo_oni,Unidad INTN,organismo_oni
unidad_intn_organismo_oni,Unidad INTN,organismo_oni
unidad_intn_organismo_oni,Unidad INTN,organismo_oni
unidad_intn_organismo_oni,Unidad INTN,organismo_oni
unidad_intn_organismo_oni,Unidad INTN,organismo_oni
unidad_intn_organismo_oni,Unidad INTN,organismo_oni
unidad_intn_organismo_oni,Unidad INTN,organismo_oni
unidad_intn_organismo_oni,Unidad INTN,organismo_oni
unidad_intn_organismo_oni,Unidad INTN,organismo_oni
unidad_intn_organismo_oni,Unidad INTN,organismo_oni
unidad_intn_organismo_oni,Unidad INTN,organismo_oni
unidad_intn_organismo_oni,Unidad INTN,organismo_oni
unidad_intn_organismo_oni,Unidad INTN,organismo_oni
unidad_intn_organismo_oni,Unidad INTN,organismo_oni
unidad_intn_organismo_oni,Unidad INTN,organismo_oni
unidad_intn_organismo_oni,Unidad INTN,organismo_oni
unidad_intn_organismo_oni,Unidad INTN,organismo_oni
unidad_intn_organismo_oni,Unidad INTN,organismo_oni
unidad_intn_organismo_oni,Unidad INTN,organismo_oni
unidad_intn_organismo_oni,Unidad INTN,organismo_oni
unidad_intn_organismo_oni,Unidad INTN,organismo_oni
unidad_intn_organismo_oni,Unidad INTN,organismo_oni
unidad_intn_organismo_oni,Unidad INTN,organismo_oni
unidad_intn_organismo_oni,Unidad INTN,organismo_oni
unidad_intn_organismo_oni,Unidad INTN,organismo_oni
unidad_intn_organismo_oni,Unidad INTN,organismo_oni
unidad_intn_organismo_oni,Unidad INTN,organismo_oni
unidad_intn_organismo_oni,Unidad INTN,organismo_oni
unidad_intn_organismo_oni,Unidad INTN,organismo_oni
unidad_intn_organismo_oni,Unidad INTN,organismo_oni
unidad_intn_organismo_oni,Unidad INTN,organismo_oni
unidad_intn_organismo_oni,Unidad INTN,organismo_oni
unidad_intn_organismo_oni,Unidad INTN,organismo_oni
unidad_intn_organismo_oni,Unidad INTN,organismo_oni
unidad_intn_organismo_oni,Unidad INTN,organismo_oni
unidad_intn_organismo_oni,Unidad INTN,organismo_oni
unidad_intn_organismo_oni,Unidad INTN,organismo_oni
unidad_intn_organismo_oni,Unidad INTN,organismo_oni
unidad_intn_organismo_oni,Unidad INTN,organismo_oni
unidad_intn_organismo_oni,Unidad INTN,organismo_oni
unidad_intn_organismo_oni,Unidad INTN,organismo_oni
unidad_intn_organismo_oni,Unidad INTN,organismo_oni
unidad_intn_organismo_oni,Unidad INTN,organismo_oni
unidad_intn_organismo_oni,Unidad INTN,organismo_oni
unidad_intn_organismo_oni,Unidad INTN,organismo_oni
unidad_intn_organismo_oni,Unidad INTN,organismo_oni
unidad_intn_organismo_oni,Unidad INTN,organismo_oni
unidad_intn_organismo_oni,Unidad INTN,organismo_oni
unidad_intn_organismo_oni,Unidad INTN,organismo_oni
unidad_intn_organismo_oni,Unidad INTN,organismo_oni
unidad_intn_organismo_oni,Unidad INTN,organismo_oni
unidad_intn_organismo_oni,Unidad INTN,organismo_oni
unidad_intn_organismo_oni,Unidad INTN,organismo_oni
unidad_intn_organismo_oni,Unidad INTN,organismo_oni
unidad_intn_organismo_oni,Unidad INTN,organismo_oni
unidad_intn_organismo_oni,Unidad INTN,organismo_oni
unidad_intn_organismo_oni,Unidad INTN,organismo_oni
unidad_intn_organismo_oni,Unidad INTN,organismo_oni
unidad_intn_organismo_oni,Unidad INTN,organismo_oni
unidad_intn_organismo_oni,Unidad INTN,organismo_oni
unidad_intn_organismo_oni,Unidad INTN,organismo_oni
unidad_intn_organismo_oni,Unidad INTN,organismo_oni
unidad_intn_organismo_oni,Unidad INTN,organismo_oni
unidad_intn_organismo_oni,Unidad INTN,organismo_oni
unidad_intn_organismo_oni,Unidad INTN,organismo_oni
unidad_intn_organismo_oni,Unidad INTN,organismo_oni
unidad_intn_organismo_oni,Unidad INTN,organismo_oni
unidad_intn_organismo_oni,Unidad INTN,organismo_oni
unidad_intn_organismo_oni,Unidad INTN,organismo_oni
unidad_intn_organismo_oni,Unidad INTN,organismo_oni
unidad_intn_organismo_oni,Unidad INTN,organismo_oni
unidad_intn_organismo_oni,Unidad INTN,organismo_oni
unidad_intn_organismo_oni,Unidad INTN,organismo_oni
unidad_intn_organismo_oni,Unidad INTN,organismo_oni
unidad_intn_organismo_oni,Unidad INTN,organismo_oni
unidad_intn_organismo_oni,Unidad INTN,organismo_oni
unidad_intn_organismo_oni,Unidad INTN,organismo_oni
unidad_intn_organismo_oni,Unidad INTN,organismo_oni
unidad_intn_organismo_oni,Unidad INTN,organismo_oni
unidad_intn_organismo_oni,Unidad INTN,organismo_oni
unidad_intn_organismo_oni,Unidad INTN,organismo_oni
unidad_intn_organismo_oni,Unidad INTN,organismo_oni
unidad_intn_organismo_oni,Unidad INTN,organismo_oni
unidad_intn_organismo_oni,Unidad INTN,organismo_oni
unidad_intn_organismo_oni,Unidad INTN,organismo_oni
unidad_intn_organismo_oni,Unidad INTN,organismo_oni
unidad_intn_organismo_oni,Unidad INTN,organismo_oni
unidad_intn_organismo_oni,Unidad INTN,organismo_oni
unidad_intn_organismo_oni,Unidad INTN,organismo_oni
unidad_intn_organismo_oni,Unidad INTN,organismo_oni
unidad_intn_organismo_oni,Unidad INTN,organismo_oni
unidad_intn_organismo_oni,Unidad INTN,organismo_oni
unidad_intn_organismo_oni,Unidad INTN,organismo_oni
unidad_intn_organismo_oni,Unidad INTN,organismo_oni
unidad_intn_organismo_oni,Unidad INTN,organismo_oni
unidad_intn_organismo_oni,Unidad INTN,organismo_oni
unidad_intn_organismo_oni,Unidad INTN,organismo_oni
unidad_intn_organismo_oni,Unidad INTN,organismo_oni
unidad_intn_organismo_oni,Unidad INTN,organismo_oni
unidad_intn_organismo_oni,Unidad INTN,organismo_oni
unidad_intn_organismo_oni,Unidad INTN,organismo_oni
unidad_intn_organismo_oni,Unidad INTN,organismo_oni
unidad_intn_organismo_oni,Unidad INTN,organismo_oni
unidad_intn_organismo_oni,Unidad INTN,organismo_oni
unidad_intn_organismo_oni,Unidad INTN,organismo_oni
unidad_intn_organismo_oni,Unidad INTN,organismo_oni
unidad_intn_organismo_oni,Unidad INTN,organismo_oni
unidad_intn_organismo_oni,Unidad INTN,organismo_oni
unidad_intn_organismo_oni,Unidad INTN,organismo_oni
unidad_intn_organismo_oni,Unidad INTN,organismo_oni
unidad_intn_organismo_oni,Unidad INTN,organismo_oni
unidad_intn_organismo_oni,Unidad INTN,organismo_oni
unidad_intn_organismo_oni,Unidad INTN,organismo_oni
unidad_intn_organismo_oni,Unidad INTN,organismo_oni
unidad_intn_organismo_oni,Unidad INTN,organismo_oni
unidad_intn_organismo_oni,Unidad INTN,organismo_oni
unidad_intn_organismo_oni,Unidad INTN,organismo_oni
unidad_intn_organismo_oni,Unidad INTN,organismo_oni
unidad_intn_organismo_oni,Unidad INTN,organismo_oni
unidad_intn_organismo_oni,Unidad INTN,organismo_oni
unidad_intn_organismo_oni,Unidad INTN,organismo_oni
unidad_intn_organismo_oni,Unidad INTN,organismo_oni
unidad_intn_organismo_oni,Unidad INTN,organismo_oni
unidad_intn_organismo_oni,Unidad INTN,organismo_oni
unidad_intn_organismo_oni,Unidad INTN,organismo_oni
unidad_intn_organismo_oni,Unidad INTN,organismo_oni
unidad_intn_organismo_oni,Unidad INTN,organismo_oni
unidad_intn_organismo_oni,Unidad INTN,organismo_oni
unidad_intn_organismo_oni,Unidad INTN,organismo_oni
unidad_intn_organismo_oni,Unidad INTN,organismo_oni
unidad_intn_organismo_oni,Unidad INTN,organismo_oni
unidad_intn_organismo_oni,Unidad INTN,organismo_oni
unidad_intn_organismo_oni,Unidad INTN,organismo_oni
unidad_intn_organismo_oni,Unidad INTN,organismo_oni
unidad_intn_organismo_oni,Unidad INTN,organismo_oni
unidad_intn_organismo_oni,Unidad INTN,organismo_oni
unidad_intn_organismo_oni,Unidad INTN,organismo_oni
unidad_intn_organismo_oni,Unidad INTN,organismo_oni
unidad_intn_organismo_oni,Unidad INTN,organismo_oni
unidad_intn_organismo_oni,Unidad INTN,organismo_oni
unidad_intn_organismo_oni,Unidad INTN,organismo_oni
unidad_intn_organismo_oni,Unidad INTN,organismo_oni
unidad_intn_organismo_oni,Unidad INTN,organismo_oni
unidad_intn_organismo_oni,Unidad INTN,organismo_oni
unidad_intn_organismo_oni,Unidad INTN,organismo_oni
unidad_intn_organismo_oni,Unidad INTN,organismo_oni
unidad_intn_organismo_oni,Unidad INTN,organismo_oni
unidad_intn_organismo_oni,Unidad INTN,organismo_oni
unidad_intn_organismo_oni,Unidad INTN,organismo_oni
unidad_intn_organismo_oni,Unidad INTN,organismo_oni
unidad_intn_organismo_oni,Unidad INTN,organismo_oni
unidad_intn_organismo_oni,Unidad INTN,organismo_oni
unidad_intn_organismo_oni,Unidad INTN,organismo_oni
unidad_intn_organismo_oni,Unidad INTN,organismo_oni
unidad_intn_organismo_oni,Unidad INTN,organismo_oni
unidad_intn_organismo_oni,Unidad INTN,organismo_oni
unidad_intn_organismo_oni,Unidad INTN,organismo_oni
unidad_intn_organismo_oni,Unidad INTN,organismo_oni
unidad_intn_organismo_oni,Unidad INTN,organismo_oni
unidad_intn_organismo_oni,Unidad INTN,organismo_oni
unidad_intn_organismo_oni,Unidad INTN,organismo_oni
unidad_intn_organismo_oni,Unidad INTN,organismo_oni
unidad_intn_organismo_oni,Unidad INTN,organismo_oni
unidad_intn_organismo_oni,Unidad INTN,organismo_oni
unidad_intn_organismo_oni,Unidad INTN,organismo_oni
unidad_intn_organismo_oni,Unidad INTN,organismo_oni
unidad_intn_organismo_oni,Unidad INTN,organismo_oni
unidad_intn_organismo_oni,Unidad INTN,organismo_oni
unidad_intn_organismo_oni,Unidad INTN,organismo_oni
unidad_intn_organismo_oni,Unidad INTN,organismo_oni
unidad_intn_organismo_oni,Unidad INTN,organismo_oni
unidad_intn_organismo_oni,Unidad INTN,organismo_oni
unidad_intn_organismo_oni,Unidad INTN,organismo_oni
unidad_intn_organismo_oni,Unidad INTN,organismo_oni
unidad_intn_organismo_oni,Unidad INTN,organismo_oni
unidad_intn_organismo_oni,Unidad INTN,organismo_oni
unidad_intn_organismo_oni,Unidad INTN,organismo_oni
unidad_intn_organismo_oni,Unidad INTN,organismo_oni
unidad_intn_organismo_oni,Unidad INTN,organismo_oni
unidad_intn_organismo_oni,Unidad INTN,organismo_oni
unidad_intn_organismo_oni,Unidad INTN,organismo_oni
unidad_intn_organismo_oni,Unidad INTN,organismo_oni
unidad_intn_organismo_oni,Unidad INTN,organismo_oni
unidad_intn_organismo_oni,Unidad INTN,organismo_oni
unidad_intn_organismo_oni,Unidad INTN,organismo_oni
unidad_intn_organismo_oni,Unidad INTN,organismo_oni
unidad_intn_organismo_oni,Unidad INTN,organismo_oni
unidad_intn_organismo_oni,Unidad INTN,organismo_oni
unidad_intn_organismo_oni,Unidad INTN,organismo_oni
unidad_intn_organismo_oni,Unidad INTN,organismo_oni
unidad_intn_organismo_oni,Unidad INTN,organismo_oni
unidad_intn_organismo_oni,Unidad INTN,organismo_oni
unidad_intn_organismo_oni,Unidad INTN,organismo_oni
unidad_intn_organismo_oni,Unidad INTN,organismo_oni
unidad_intn_organismo_oni,Unidad INTN,organismo_oni
unidad_intn_organismo_oni,Unidad INTN,organismo_oni
unidad_intn_organismo_oni,Unidad INTN,organismo_oni
unidad_intn_organismo_oni,Unidad INTN,organismo_oni
unidad_intn_organismo_oni,Unidad INTN,organismo_oni
unidad_intn_organismo_oni,Unidad INTN,organismo_oni
unidad_intn_organismo_oni,Unidad INTN,organismo_oni
unidad_intn_organismo_oni,Unidad INTN,organismo_oni
unidad_intn_organismo_oni,Unidad INTN,organismo_oni
unidad_intn_organismo_oni,Unidad INTN,organismo_oni
unidad_intn_organismo_oni,Unidad INTN,organismo_oni
unidad_intn_organismo_oni,Unidad INTN,organismo_oni
unidad_intn_organismo_oni,Unidad INTN,organismo_oni
unidad_intn_organismo_oni,Unidad INTN,organismo_oni
unidad_intn_organismo_oni,Unidad INTN,organismo_oni
unidad_intn_organismo_oni,Unidad INTN,organismo_oni
unidad_intn_organismo_oni,Unidad INTN,organismo_oni
unidad_intn_organismo_oni,Unidad INTN,organismo_oni
unidad_intn_organismo_oni,Unidad INTN,organismo_oni
unidad_intn_organismo_oni,Unidad INTN,organismo_oni
unidad_intn_organismo_oni,Unidad INTN,organismo_oni
unidad_intn_organismo_oni,Unidad INTN,organismo_oni
unidad_intn_organismo_oni,Unidad INTN,organismo_oni
unidad_intn_organismo_oni,Unidad INTN,organismo_oni
unidad_intn_organismo_oni,Unidad INTN,organismo_oni
unidad_intn_organismo_oni,Unidad INTN,organismo_oni
unidad_intn_organismo_oni,Unidad INTN,organismo_oni
unidad_intn_organismo_oni,Unidad INTN,organismo_oni
unidad_intn_organismo_oni,Unidad INTN,organismo_oni
unidad_intn_organismo_oni,Unidad INTN,organismo_oni
unidad_intn_organismo_oni,Unidad INTN,organismo_oni
unidad_intn_organismo_oni,Unidad INTN,organismo_oni
unidad_intn_organismo_oni,Unidad INTN,organismo_oni
unidad_intn_organismo_oni,Unidad INTN,organismo_oni
unidad_intn_organismo_oni,Unidad INTN,organismo_oni
unidad_intn_organismo_oni,Unidad INTN,organismo_oni
unidad_intn_organismo_oni,Unidad INTN,organismo_oni
unidad_intn_organismo_oni,Unidad INTN,organismo_oni
unidad_intn_organismo_oni,Unidad INTN,organismo_oni
unidad_intn_organismo_oni,Unidad INTN,organismo_oni
unidad_intn_organismo_oni,Unidad INTN,organismo_oni
unidad_intn_organismo_oni,Unidad INTN,organismo_oni
unidad_intn_organismo_oni,Unidad INTN,organismo_oni
unidad_intn_organismo_oni,Unidad INTN,organismo_oni
unidad_intn_organismo_oni,Unidad INTN,organismo_oni
unidad_intn_organismo_oni,Unidad INTN,organismo_oni
unidad_intn_organismo_oni,Unidad INTN,organismo_oni
unidad_intn_organismo_oni,Unidad INTN,organismo_oni
unidad_intn_organismo_oni,Unidad INTN,organismo_oni
unidad_intn_organismo_oni,Unidad INTN,organismo_oni
unidad_intn_organismo_oni,Unidad INTN,organismo_oni
unidad_intn_organismo_oni,Unidad INTN,organismo_oni
unidad_intn_organismo_oni,Unidad INTN,organismo_oni
unidad_intn_organismo_oni,Unidad INTN,organismo_oni
unidad_intn_organismo_oni,Unidad INTN,organismo_oni
unidad_intn_organismo_oni,Unidad INTN,organismo_oni
unidad_intn_organismo_oni,Unidad INTN,organismo_oni
unidad_intn_organismo_oni,Unidad INTN,organismo_oni
unidad_intn_organismo_oni,Unidad INTN,organismo_oni
unidad_intn_organismo_oni,Unidad INTN,organismo_oni
unidad_intn_organismo_oni,Unidad INTN,organismo_oni
unidad_intn_organismo_oni,Unidad INTN,organismo_oni
unidad_intn_organismo_oni,Unidad INTN,organismo_oni
unidad_intn_organismo_oni,Unidad INTN,organismo_oni
unidad_intn_organismo_oni,Unidad INTN,organismo_oni
unidad_intn_organismo_oni,Unidad INTN,organismo_oni
unidad_intn_organismo_oni,Unidad INTN,organismo_oni
unidad_intn_organismo_oni,Unidad INTN,organismo_oni
unidad_intn_organismo_oni,Unidad INTN,organismo_oni
unidad_intn_organismo_oni,Unidad INTN,organismo_oni
unidad_intn_organismo_oni,Unidad INTN,organismo_oni
unidad_intn_organismo_oni,Unidad INTN,organismo_oni
unidad_intn_organismo_oni,Unidad INTN,organismo_oni
unidad_intn_organismo_oni,Unidad INTN,organismo_oni
unidad_intn_organismo_oni,Unidad INTN,organismo_oni
unidad_intn_organismo_oni,Unidad INTN,organismo_oni
unidad_intn_organismo_oni,Unidad INTN,organismo_oni
