id,name,coordinacion_id/id
laboratorio_coordinacion_tecnica_proveedor_de_ensayos_de_aptitud_-_cpea_coordinacion_umci_departamento_cpea_unidad_umci_organismo_onm,Coordinación Técnica Proveedor De Ensayos De Aptitud - CPEA,coordinacion_umci_departamento_cpea_unidad_umci_organismo_onm
laboratorio_coordinacion_tecnica_proveedor_de_ensayos_de_aptitud_-_cpea_coordinacion_umci_departamento_cpea_unidad_umci_organismo_onm,Coordinación Técnica Proveedor De Ensayos De Aptitud - CPEA,coordinacion_umci_departamento_cpea_unidad_umci_organismo_onm
laboratorio_coordinacion_tecnica_proveedor_de_ensayos_de_aptitud_-_cpea_coordinacion_umci_departamento_cpea_unidad_umci_organismo_onm,Coordinación Técnica Proveedor De Ensayos De Aptitud - CPEA,coordinacion_umci_departamento_cpea_unidad_umci_organismo_onm
laboratorio_coordinacion_tecnica_proveedor_de_ensayos_de_aptitud_-_cpea_coordinacion_umci_departamento_cpea_unidad_umci_organismo_onm,Coordinación Técnica Proveedor De Ensayos De Aptitud - CPEA,coordinacion_umci_departamento_cpea_unidad_umci_organismo_onm
laboratorio_coordinacion_tecnica_proveedor_de_ensayos_de_aptitud_-_cpea_coordinacion_umci_departamento_cpea_unidad_umci_organismo_onm,Coordinación Técnica Proveedor De Ensayos De Aptitud - CPEA,coordinacion_umci_departamento_cpea_unidad_umci_organismo_onm
laboratorio_de_calibracion_de_balanzas_-_lcb_coordinacion_umci_departamento_de_masa_unidad_umci_organismo_onm,Laboratorio de Calibracion de balanzas - LCB,coordinacion_umci_departamento_de_masa_unidad_umci_organismo_onm
laboratorio_de_calibracion_de_balanzas_-_lcb_coordinacion_umci_departamento_de_masa_unidad_umci_organismo_onm,Laboratorio de Calibracion de balanzas - LCB,coordinacion_umci_departamento_de_masa_unidad_umci_organismo_onm
laboratorio_de_calibracion_de_balanzas_-_lcb_coordinacion_umci_departamento_de_masa_unidad_umci_organismo_onm,Laboratorio de Calibracion de balanzas - LCB,coordinacion_umci_departamento_de_masa_unidad_umci_organismo_onm
laboratorio_de_calibracion_de_balanzas_-_lcb_coordinacion_umci_departamento_de_masa_unidad_umci_organismo_onm,Laboratorio de Calibracion de balanzas - LCB,coordinacion_umci_departamento_de_masa_unidad_umci_organismo_onm
laboratorio_de_calibracion_de_balanzas_-_lcb_coordinacion_umci_departamento_de_masa_unidad_umci_organismo_onm,Laboratorio de Calibracion de balanzas - LCB,coordinacion_umci_departamento_de_masa_unidad_umci_organismo_onm
laboratorio_de_calibracion_de_balanzas_-_lcb_coordinacion_umci_departamento_de_masa_unidad_umci_organismo_onm,Laboratorio de Calibracion de balanzas - LCB,coordinacion_umci_departamento_de_masa_unidad_umci_organismo_onm
laboratorio_de_calibracion_de_balanzas_-_lcb_coordinacion_umci_departamento_de_masa_unidad_umci_organismo_onm,Laboratorio de Calibracion de balanzas - LCB,coordinacion_umci_departamento_de_masa_unidad_umci_organismo_onm
laboratorio_de_calibracion_de_balanzas_-_lcb_coordinacion_umci_departamento_de_masa_unidad_umci_organismo_onm,Laboratorio de Calibracion de balanzas - LCB,coordinacion_umci_departamento_de_masa_unidad_umci_organismo_onm
laboratorio_de_calibracion_de_balanzas_-_lcb_coordinacion_umci_departamento_de_masa_unidad_umci_organismo_onm,Laboratorio de Calibracion de balanzas - LCB,coordinacion_umci_departamento_de_masa_unidad_umci_organismo_onm
laboratorio_de_calibracion_de_balanzas_-_lcb_coordinacion_umci_departamento_de_masa_unidad_umci_organismo_onm,Laboratorio de Calibracion de balanzas - LCB,coordinacion_umci_departamento_de_masa_unidad_umci_organismo_onm
laboratorio_de_calibracion_de_balanzas_-_lcb_coordinacion_umci_departamento_de_masa_unidad_umci_organismo_onm,Laboratorio de Calibracion de balanzas - LCB,coordinacion_umci_departamento_de_masa_unidad_umci_organismo_onm
laboratorio_de_calibracion_de_balanzas_-_lcb_coordinacion_umci_departamento_de_masa_unidad_umci_organismo_onm,Laboratorio de Calibracion de balanzas - LCB,coordinacion_umci_departamento_de_masa_unidad_umci_organismo_onm
laboratorio_de_calibracion_de_balanzas_-_lcb_coordinacion_umci_departamento_de_masa_unidad_umci_organismo_onm,Laboratorio de Calibracion de balanzas - LCB,coordinacion_umci_departamento_de_masa_unidad_umci_organismo_onm
laboratorio_de_calibracion_de_balanzas_-_lcb_coordinacion_umci_departamento_de_masa_unidad_umci_organismo_onm,Laboratorio de Calibracion de balanzas - LCB,coordinacion_umci_departamento_de_masa_unidad_umci_organismo_onm
laboratorio_de_calibracion_de_balanzas_-_lcb_coordinacion_umci_departamento_de_masa_unidad_umci_organismo_onm,Laboratorio de Calibracion de balanzas - LCB,coordinacion_umci_departamento_de_masa_unidad_umci_organismo_onm
laboratorio_de_calibracion_de_balanzas_-_lcb_coordinacion_umci_departamento_de_masa_unidad_umci_organismo_onm,Laboratorio de Calibracion de balanzas - LCB,coordinacion_umci_departamento_de_masa_unidad_umci_organismo_onm
laboratorio_de_calibracion_de_balanzas_-_lcb_coordinacion_umci_departamento_de_masa_unidad_umci_organismo_onm,Laboratorio de Calibracion de balanzas - LCB,coordinacion_umci_departamento_de_masa_unidad_umci_organismo_onm
laboratorio_de_calibracion_de_balanzas_-_lcb_coordinacion_umci_departamento_de_masa_unidad_umci_organismo_onm,Laboratorio de Calibracion de balanzas - LCB,coordinacion_umci_departamento_de_masa_unidad_umci_organismo_onm
laboratorio_de_calibracion_de_balanzas_-_lcb_coordinacion_umci_departamento_de_masa_unidad_umci_organismo_onm,Laboratorio de Calibracion de balanzas - LCB,coordinacion_umci_departamento_de_masa_unidad_umci_organismo_onm
laboratorio_de_calibracion_de_balanzas_-_lcb_coordinacion_umci_departamento_de_masa_unidad_umci_organismo_onm,Laboratorio de Calibracion de balanzas - LCB,coordinacion_umci_departamento_de_masa_unidad_umci_organismo_onm
laboratorio_de_calibracion_de_balanzas_-_lcb_coordinacion_umci_departamento_de_masa_unidad_umci_organismo_onm,Laboratorio de Calibracion de balanzas - LCB,coordinacion_umci_departamento_de_masa_unidad_umci_organismo_onm
laboratorio_de_calibracion_de_balanzas_-_lcb_coordinacion_umci_departamento_de_masa_unidad_umci_organismo_onm,Laboratorio de Calibracion de balanzas - LCB,coordinacion_umci_departamento_de_masa_unidad_umci_organismo_onm
laboratorio_de_calibracion_de_balanzas_-_lcb_coordinacion_umci_departamento_de_masa_unidad_umci_organismo_onm,Laboratorio de Calibracion de balanzas - LCB,coordinacion_umci_departamento_de_masa_unidad_umci_organismo_onm
laboratorio_de_calibracion_de_balanzas_-_lcb_coordinacion_umci_departamento_de_masa_unidad_umci_organismo_onm,Laboratorio de Calibracion de balanzas - LCB,coordinacion_umci_departamento_de_masa_unidad_umci_organismo_onm
laboratorio_de_calibracion_de_balanzas_-_lcb_coordinacion_umci_departamento_de_masa_unidad_umci_organismo_onm,Laboratorio de Calibracion de balanzas - LCB,coordinacion_umci_departamento_de_masa_unidad_umci_organismo_onm
laboratorio_de_calibracion_de_balanzas_-_lcb_coordinacion_umci_departamento_de_masa_unidad_umci_organismo_onm,Laboratorio de Calibracion de balanzas - LCB,coordinacion_umci_departamento_de_masa_unidad_umci_organismo_onm
laboratorio_de_calibracion_de_balanzas_-_lcb_coordinacion_umci_departamento_de_masa_unidad_umci_organismo_onm,Laboratorio de Calibracion de balanzas - LCB,coordinacion_umci_departamento_de_masa_unidad_umci_organismo_onm
laboratorio_de_calibracion_de_balanzas_-_lcb_coordinacion_umci_departamento_de_masa_unidad_umci_organismo_onm,Laboratorio de Calibracion de balanzas - LCB,coordinacion_umci_departamento_de_masa_unidad_umci_organismo_onm
laboratorio_de_calibracion_de_balanzas_-_lcb_coordinacion_umci_departamento_de_masa_unidad_umci_organismo_onm,Laboratorio de Calibracion de balanzas - LCB,coordinacion_umci_departamento_de_masa_unidad_umci_organismo_onm
laboratorio_de_calibracion_de_balanzas_-_lcb_coordinacion_umci_departamento_de_masa_unidad_umci_organismo_onm,Laboratorio de Calibracion de balanzas - LCB,coordinacion_umci_departamento_de_masa_unidad_umci_organismo_onm
laboratorio_de_calibracion_de_balanzas_-_lcb_coordinacion_umci_departamento_de_masa_unidad_umci_organismo_onm,Laboratorio de Calibracion de balanzas - LCB,coordinacion_umci_departamento_de_masa_unidad_umci_organismo_onm
laboratorio_de_calibracion_de_balanzas_-_lcb_coordinacion_umci_departamento_de_masa_unidad_umci_organismo_onm,Laboratorio de Calibracion de balanzas - LCB,coordinacion_umci_departamento_de_masa_unidad_umci_organismo_onm
laboratorio_de_electricidad_-_lel_coordinacion_umci_departamento_de_termoelectrica_unidad_umci_organismo_onm,Laboratorio de Electricidad - LEL,coordinacion_umci_departamento_de_termoelectrica_unidad_umci_organismo_onm
laboratorio_de_electricidad_-_lel_coordinacion_umci_departamento_de_termoelectrica_unidad_umci_organismo_onm,Laboratorio de Electricidad - LEL,coordinacion_umci_departamento_de_termoelectrica_unidad_umci_organismo_onm
laboratorio_de_electricidad_-_lel_coordinacion_umci_departamento_de_termoelectrica_unidad_umci_organismo_onm,Laboratorio de Electricidad - LEL,coordinacion_umci_departamento_de_termoelectrica_unidad_umci_organismo_onm
laboratorio_de_electricidad_-_lel_coordinacion_umci_departamento_de_termoelectrica_unidad_umci_organismo_onm,Laboratorio de Electricidad - LEL,coordinacion_umci_departamento_de_termoelectrica_unidad_umci_organismo_onm
laboratorio_de_electricidad_-_lel_coordinacion_umci_departamento_de_termoelectrica_unidad_umci_organismo_onm,Laboratorio de Electricidad - LEL,coordinacion_umci_departamento_de_termoelectrica_unidad_umci_organismo_onm
laboratorio_de_electricidad_-_lel_coordinacion_umci_departamento_de_termoelectrica_unidad_umci_organismo_onm,Laboratorio de Electricidad - LEL,coordinacion_umci_departamento_de_termoelectrica_unidad_umci_organismo_onm
laboratorio_de_electricidad_-_lel_coordinacion_umci_departamento_de_termoelectrica_unidad_umci_organismo_onm,Laboratorio de Electricidad - LEL,coordinacion_umci_departamento_de_termoelectrica_unidad_umci_organismo_onm
laboratorio_de_electricidad_-_lel_coordinacion_umci_departamento_de_termoelectrica_unidad_umci_organismo_onm,Laboratorio de Electricidad - LEL,coordinacion_umci_departamento_de_termoelectrica_unidad_umci_organismo_onm
laboratorio_de_electricidad_-_lel_coordinacion_umci_departamento_de_termoelectrica_unidad_umci_organismo_onm,Laboratorio de Electricidad - LEL,coordinacion_umci_departamento_de_termoelectrica_unidad_umci_organismo_onm
laboratorio_de_electricidad_-_lel_coordinacion_umci_departamento_de_termoelectrica_unidad_umci_organismo_onm,Laboratorio de Electricidad - LEL,coordinacion_umci_departamento_de_termoelectrica_unidad_umci_organismo_onm
laboratorio_de_electricidad_-_lel_coordinacion_umci_departamento_de_termoelectrica_unidad_umci_organismo_onm,Laboratorio de Electricidad - LEL,coordinacion_umci_departamento_de_termoelectrica_unidad_umci_organismo_onm
laboratorio_de_electricidad_-_lel_coordinacion_umci_departamento_de_termoelectrica_unidad_umci_organismo_onm,Laboratorio de Electricidad - LEL,coordinacion_umci_departamento_de_termoelectrica_unidad_umci_organismo_onm
laboratorio_de_electricidad_-_lel_coordinacion_umci_departamento_de_termoelectrica_unidad_umci_organismo_onm,Laboratorio de Electricidad - LEL,coordinacion_umci_departamento_de_termoelectrica_unidad_umci_organismo_onm
laboratorio_de_electricidad_-_lel_coordinacion_umci_departamento_de_termoelectrica_unidad_umci_organismo_onm,Laboratorio de Electricidad - LEL,coordinacion_umci_departamento_de_termoelectrica_unidad_umci_organismo_onm
laboratorio_de_electricidad_-_lel_coordinacion_umci_departamento_de_termoelectrica_unidad_umci_organismo_onm,Laboratorio de Electricidad - LEL,coordinacion_umci_departamento_de_termoelectrica_unidad_umci_organismo_onm
laboratorio_de_electricidad_-_lel_coordinacion_umci_departamento_de_termoelectrica_unidad_umci_organismo_onm,Laboratorio de Electricidad - LEL,coordinacion_umci_departamento_de_termoelectrica_unidad_umci_organismo_onm
laboratorio_de_electricidad_-_lel_coordinacion_umci_departamento_de_termoelectrica_unidad_umci_organismo_onm,Laboratorio de Electricidad - LEL,coordinacion_umci_departamento_de_termoelectrica_unidad_umci_organismo_onm
laboratorio_de_electricidad_-_lel_coordinacion_umci_departamento_de_termoelectrica_unidad_umci_organismo_onm,Laboratorio de Electricidad - LEL,coordinacion_umci_departamento_de_termoelectrica_unidad_umci_organismo_onm
laboratorio_de_electricidad_-_lel_coordinacion_umci_departamento_de_termoelectrica_unidad_umci_organismo_onm,Laboratorio de Electricidad - LEL,coordinacion_umci_departamento_de_termoelectrica_unidad_umci_organismo_onm
laboratorio_de_electricidad_-_lel_coordinacion_umci_departamento_de_termoelectrica_unidad_umci_organismo_onm,Laboratorio de Electricidad - LEL,coordinacion_umci_departamento_de_termoelectrica_unidad_umci_organismo_onm
laboratorio_de_electricidad_-_lel_coordinacion_umci_departamento_de_termoelectrica_unidad_umci_organismo_onm,Laboratorio de Electricidad - LEL,coordinacion_umci_departamento_de_termoelectrica_unidad_umci_organismo_onm
laboratorio_de_electricidad_-_lel_coordinacion_umci_departamento_de_termoelectrica_unidad_umci_organismo_onm,Laboratorio de Electricidad - LEL,coordinacion_umci_departamento_de_termoelectrica_unidad_umci_organismo_onm
laboratorio_de_electricidad_-_lel_coordinacion_umci_departamento_de_termoelectrica_unidad_umci_organismo_onm,Laboratorio de Electricidad - LEL,coordinacion_umci_departamento_de_termoelectrica_unidad_umci_organismo_onm
laboratorio_de_electricidad_-_lel_coordinacion_umci_departamento_de_termoelectrica_unidad_umci_organismo_onm,Laboratorio de Electricidad - LEL,coordinacion_umci_departamento_de_termoelectrica_unidad_umci_organismo_onm
laboratorio_de_electricidad_-_lel_coordinacion_umci_departamento_de_termoelectrica_unidad_umci_organismo_onm,Laboratorio de Electricidad - LEL,coordinacion_umci_departamento_de_termoelectrica_unidad_umci_organismo_onm
laboratorio_de_electricidad_-_lel_coordinacion_umci_departamento_de_termoelectrica_unidad_umci_organismo_onm,Laboratorio de Electricidad - LEL,coordinacion_umci_departamento_de_termoelectrica_unidad_umci_organismo_onm
laboratorio_de_electricidad_-_lel_coordinacion_umci_departamento_de_termoelectrica_unidad_umci_organismo_onm,Laboratorio de Electricidad - LEL,coordinacion_umci_departamento_de_termoelectrica_unidad_umci_organismo_onm
laboratorio_de_electricidad_-_lel_coordinacion_umci_departamento_de_termoelectrica_unidad_umci_organismo_onm,Laboratorio de Electricidad - LEL,coordinacion_umci_departamento_de_termoelectrica_unidad_umci_organismo_onm
laboratorio_de_fuerza_-_lfu_coordinacion_umci_departamento_mecanica_unidad_umci_organismo_onm,Laboratorio de Fuerza - LFU,coordinacion_umci_departamento_mecanica_unidad_umci_organismo_onm
laboratorio_de_fuerza_-_lfu_coordinacion_umci_departamento_mecanica_unidad_umci_organismo_onm,Laboratorio de Fuerza - LFU,coordinacion_umci_departamento_mecanica_unidad_umci_organismo_onm
laboratorio_de_fuerza_-_lfu_coordinacion_umci_departamento_mecanica_unidad_umci_organismo_onm,Laboratorio de Fuerza - LFU,coordinacion_umci_departamento_mecanica_unidad_umci_organismo_onm
laboratorio_de_fuerza_-_lfu_coordinacion_umci_departamento_mecanica_unidad_umci_organismo_onm,Laboratorio de Fuerza - LFU,coordinacion_umci_departamento_mecanica_unidad_umci_organismo_onm
laboratorio_de_fuerza_-_lfu_coordinacion_umci_departamento_mecanica_unidad_umci_organismo_onm,Laboratorio de Fuerza - LFU,coordinacion_umci_departamento_mecanica_unidad_umci_organismo_onm
laboratorio_de_fuerza_-_lfu_coordinacion_umci_departamento_mecanica_unidad_umci_organismo_onm,Laboratorio de Fuerza - LFU,coordinacion_umci_departamento_mecanica_unidad_umci_organismo_onm
laboratorio_de_fuerza_-_lfu_coordinacion_umci_departamento_mecanica_unidad_umci_organismo_onm,Laboratorio de Fuerza - LFU,coordinacion_umci_departamento_mecanica_unidad_umci_organismo_onm
laboratorio_de_fuerza_-_lfu_coordinacion_umci_departamento_mecanica_unidad_umci_organismo_onm,Laboratorio de Fuerza - LFU,coordinacion_umci_departamento_mecanica_unidad_umci_organismo_onm
laboratorio_de_fuerza_-_lfu_coordinacion_umci_departamento_mecanica_unidad_umci_organismo_onm,Laboratorio de Fuerza - LFU,coordinacion_umci_departamento_mecanica_unidad_umci_organismo_onm
laboratorio_de_fuerza_-_lfu_coordinacion_umci_departamento_mecanica_unidad_umci_organismo_onm,Laboratorio de Fuerza - LFU,coordinacion_umci_departamento_mecanica_unidad_umci_organismo_onm
laboratorio_de_fuerza_-_lfu_coordinacion_umci_departamento_mecanica_unidad_umci_organismo_onm,Laboratorio de Fuerza - LFU,coordinacion_umci_departamento_mecanica_unidad_umci_organismo_onm
laboratorio_de_fuerza_-_lfu_coordinacion_umci_departamento_mecanica_unidad_umci_organismo_onm,Laboratorio de Fuerza - LFU,coordinacion_umci_departamento_mecanica_unidad_umci_organismo_onm
laboratorio_de_fuerza_-_lfu_coordinacion_umci_departamento_mecanica_unidad_umci_organismo_onm,Laboratorio de Fuerza - LFU,coordinacion_umci_departamento_mecanica_unidad_umci_organismo_onm
laboratorio_de_fuerza_-_lfu_coordinacion_umci_departamento_mecanica_unidad_umci_organismo_onm,Laboratorio de Fuerza - LFU,coordinacion_umci_departamento_mecanica_unidad_umci_organismo_onm
laboratorio_de_fuerza_-_lfu_coordinacion_umci_departamento_mecanica_unidad_umci_organismo_onm,Laboratorio de Fuerza - LFU,coordinacion_umci_departamento_mecanica_unidad_umci_organismo_onm
laboratorio_de_grandes_volumenes_-_lgv_coordinacion_umci_departamento_de_masa_unidad_umci_organismo_onm,Laboratorio de Grandes Volúmenes - LGV,coordinacion_umci_departamento_de_masa_unidad_umci_organismo_onm
laboratorio_de_grandes_volumenes_-_lgv_coordinacion_umci_departamento_de_masa_unidad_umci_organismo_onm,Laboratorio de Grandes Volúmenes - LGV,coordinacion_umci_departamento_de_masa_unidad_umci_organismo_onm
laboratorio_de_grandes_volumenes_-_lgv_coordinacion_umci_departamento_de_masa_unidad_umci_organismo_onm,Laboratorio de Grandes Volúmenes - LGV,coordinacion_umci_departamento_de_masa_unidad_umci_organismo_onm
laboratorio_de_grandes_volumenes_-_lgv_coordinacion_umci_departamento_de_masa_unidad_umci_organismo_onm,Laboratorio de Grandes Volúmenes - LGV,coordinacion_umci_departamento_de_masa_unidad_umci_organismo_onm
laboratorio_de_grandes_volumenes_-_lgv_coordinacion_umci_departamento_de_masa_unidad_umci_organismo_onm,Laboratorio de Grandes Volúmenes - LGV,coordinacion_umci_departamento_de_masa_unidad_umci_organismo_onm
laboratorio_de_grandes_volumenes_-_lgv_coordinacion_umci_departamento_de_masa_unidad_umci_organismo_onm,Laboratorio de Grandes Volúmenes - LGV,coordinacion_umci_departamento_de_masa_unidad_umci_organismo_onm
laboratorio_de_grandes_volumenes_-_lgv_coordinacion_umci_departamento_de_masa_unidad_umci_organismo_onm,Laboratorio de Grandes Volúmenes - LGV,coordinacion_umci_departamento_de_masa_unidad_umci_organismo_onm
laboratorio_de_grandes_volumenes_-_lgv_coordinacion_umci_departamento_de_masa_unidad_umci_organismo_onm,Laboratorio de Grandes Volúmenes - LGV,coordinacion_umci_departamento_de_masa_unidad_umci_organismo_onm
laboratorio_de_grandes_volumenes_-_lgv_coordinacion_umci_departamento_de_masa_unidad_umci_organismo_onm,Laboratorio de Grandes Volúmenes - LGV,coordinacion_umci_departamento_de_masa_unidad_umci_organismo_onm
laboratorio_de_grandes_volumenes_-_lgv_coordinacion_umci_departamento_de_masa_unidad_umci_organismo_onm,Laboratorio de Grandes Volúmenes - LGV,coordinacion_umci_departamento_de_masa_unidad_umci_organismo_onm
laboratorio_de_grandes_volumenes_-_lgv_coordinacion_umci_departamento_de_masa_unidad_umci_organismo_onm,Laboratorio de Grandes Volúmenes - LGV,coordinacion_umci_departamento_de_masa_unidad_umci_organismo_onm
laboratorio_de_grandes_volumenes_-_lgv_coordinacion_umci_departamento_de_masa_unidad_umci_organismo_onm,Laboratorio de Grandes Volúmenes - LGV,coordinacion_umci_departamento_de_masa_unidad_umci_organismo_onm
laboratorio_de_grandes_volumenes_-_lgv_coordinacion_umci_departamento_de_masa_unidad_umci_organismo_onm,Laboratorio de Grandes Volúmenes - LGV,coordinacion_umci_departamento_de_masa_unidad_umci_organismo_onm
laboratorio_de_grandes_volumenes_-_lgv_coordinacion_umci_departamento_de_masa_unidad_umci_organismo_onm,Laboratorio de Grandes Volúmenes - LGV,coordinacion_umci_departamento_de_masa_unidad_umci_organismo_onm
laboratorio_de_grandes_volumenes_-_lgv_coordinacion_umci_departamento_de_masa_unidad_umci_organismo_onm,Laboratorio de Grandes Volúmenes - LGV,coordinacion_umci_departamento_de_masa_unidad_umci_organismo_onm
laboratorio_de_grandes_volumenes_-_lgv_coordinacion_umci_departamento_de_masa_unidad_umci_organismo_onm,Laboratorio de Grandes Volúmenes - LGV,coordinacion_umci_departamento_de_masa_unidad_umci_organismo_onm
laboratorio_de_grandes_volumenes_-_lgv_coordinacion_umci_departamento_de_masa_unidad_umci_organismo_onm,Laboratorio de Grandes Volúmenes - LGV,coordinacion_umci_departamento_de_masa_unidad_umci_organismo_onm
laboratorio_de_grandes_volumenes_-_lgv_coordinacion_umci_departamento_de_masa_unidad_umci_organismo_onm,Laboratorio de Grandes Volúmenes - LGV,coordinacion_umci_departamento_de_masa_unidad_umci_organismo_onm
laboratorio_de_grandes_volumenes_-_lgv_coordinacion_umci_departamento_de_masa_unidad_umci_organismo_onm,Laboratorio de Grandes Volúmenes - LGV,coordinacion_umci_departamento_de_masa_unidad_umci_organismo_onm
laboratorio_de_grandes_volumenes_-_lgv_coordinacion_umci_departamento_de_masa_unidad_umci_organismo_onm,Laboratorio de Grandes Volúmenes - LGV,coordinacion_umci_departamento_de_masa_unidad_umci_organismo_onm
laboratorio_de_grandes_volumenes_-_lgv_coordinacion_umci_departamento_de_masa_unidad_umci_organismo_onm,Laboratorio de Grandes Volúmenes - LGV,coordinacion_umci_departamento_de_masa_unidad_umci_organismo_onm
laboratorio_de_grandes_volumenes_-_lgv_coordinacion_umci_departamento_de_masa_unidad_umci_organismo_onm,Laboratorio de Grandes Volúmenes - LGV,coordinacion_umci_departamento_de_masa_unidad_umci_organismo_onm
laboratorio_de_grandes_volumenes_-_lgv_coordinacion_umci_departamento_de_masa_unidad_umci_organismo_onm,Laboratorio de Grandes Volúmenes - LGV,coordinacion_umci_departamento_de_masa_unidad_umci_organismo_onm
laboratorio_de_grandes_volumenes_-_lgv_coordinacion_umci_departamento_de_masa_unidad_umci_organismo_onm,Laboratorio de Grandes Volúmenes - LGV,coordinacion_umci_departamento_de_masa_unidad_umci_organismo_onm
laboratorio_de_grandes_volumenes_-_lgv_coordinacion_umci_departamento_de_masa_unidad_umci_organismo_onm,Laboratorio de Grandes Volúmenes - LGV,coordinacion_umci_departamento_de_masa_unidad_umci_organismo_onm
laboratorio_de_grandes_volumenes_-_lgv_coordinacion_umci_departamento_de_masa_unidad_umci_organismo_onm,Laboratorio de Grandes Volúmenes - LGV,coordinacion_umci_departamento_de_masa_unidad_umci_organismo_onm
laboratorio_de_grandes_volumenes_-_lgv_coordinacion_umci_departamento_de_masa_unidad_umci_organismo_onm,Laboratorio de Grandes Volúmenes - LGV,coordinacion_umci_departamento_de_masa_unidad_umci_organismo_onm
laboratorio_de_grandes_volumenes_-_lgv_coordinacion_umci_departamento_de_masa_unidad_umci_organismo_onm,Laboratorio de Grandes Volúmenes - LGV,coordinacion_umci_departamento_de_masa_unidad_umci_organismo_onm
laboratorio_de_grandes_volumenes_-_lgv_coordinacion_umci_departamento_de_masa_unidad_umci_organismo_onm,Laboratorio de Grandes Volúmenes - LGV,coordinacion_umci_departamento_de_masa_unidad_umci_organismo_onm
laboratorio_de_grandes_volumenes_-_lgv_coordinacion_umci_departamento_de_masa_unidad_umci_organismo_onm,Laboratorio de Grandes Volúmenes - LGV,coordinacion_umci_departamento_de_masa_unidad_umci_organismo_onm
laboratorio_de_grandes_volumenes_-_lgv_coordinacion_umci_departamento_de_masa_unidad_umci_organismo_onm,Laboratorio de Grandes Volúmenes - LGV,coordinacion_umci_departamento_de_masa_unidad_umci_organismo_onm
laboratorio_de_grandes_volumenes_-_lgv_coordinacion_umci_departamento_de_masa_unidad_umci_organismo_onm,Laboratorio de Grandes Volúmenes - LGV,coordinacion_umci_departamento_de_masa_unidad_umci_organismo_onm
laboratorio_de_grandes_volumenes_-_lgv_coordinacion_umci_departamento_de_masa_unidad_umci_organismo_onm,Laboratorio de Grandes Volúmenes - LGV,coordinacion_umci_departamento_de_masa_unidad_umci_organismo_onm
laboratorio_de_grandes_volumenes_-_lgv_coordinacion_umci_departamento_de_masa_unidad_umci_organismo_onm,Laboratorio de Grandes Volúmenes - LGV,coordinacion_umci_departamento_de_masa_unidad_umci_organismo_onm
laboratorio_de_grandes_volumenes_-_lgv_coordinacion_umci_departamento_de_masa_unidad_umci_organismo_onm,Laboratorio de Grandes Volúmenes - LGV,coordinacion_umci_departamento_de_masa_unidad_umci_organismo_onm
laboratorio_de_grandes_volumenes_-_lgv_coordinacion_umci_departamento_de_masa_unidad_umci_organismo_onm,Laboratorio de Grandes Volúmenes - LGV,coordinacion_umci_departamento_de_masa_unidad_umci_organismo_onm
laboratorio_de_longitud_-_llo_coordinacion_umci_departamento_mecanica_unidad_umci_organismo_onm,Laboratorio de Longitud - LLO,coordinacion_umci_departamento_mecanica_unidad_umci_organismo_onm
laboratorio_de_longitud_-_llo_coordinacion_umci_departamento_mecanica_unidad_umci_organismo_onm,Laboratorio de Longitud - LLO,coordinacion_umci_departamento_mecanica_unidad_umci_organismo_onm
laboratorio_de_longitud_-_llo_coordinacion_umci_departamento_mecanica_unidad_umci_organismo_onm,Laboratorio de Longitud - LLO,coordinacion_umci_departamento_mecanica_unidad_umci_organismo_onm
laboratorio_de_longitud_-_llo_coordinacion_umci_departamento_mecanica_unidad_umci_organismo_onm,Laboratorio de Longitud - LLO,coordinacion_umci_departamento_mecanica_unidad_umci_organismo_onm
laboratorio_de_longitud_-_llo_coordinacion_umci_departamento_mecanica_unidad_umci_organismo_onm,Laboratorio de Longitud - LLO,coordinacion_umci_departamento_mecanica_unidad_umci_organismo_onm
laboratorio_de_longitud_-_llo_coordinacion_umci_departamento_mecanica_unidad_umci_organismo_onm,Laboratorio de Longitud - LLO,coordinacion_umci_departamento_mecanica_unidad_umci_organismo_onm
laboratorio_de_longitud_-_llo_coordinacion_umci_departamento_mecanica_unidad_umci_organismo_onm,Laboratorio de Longitud - LLO,coordinacion_umci_departamento_mecanica_unidad_umci_organismo_onm
laboratorio_de_longitud_-_llo_coordinacion_umci_departamento_mecanica_unidad_umci_organismo_onm,Laboratorio de Longitud - LLO,coordinacion_umci_departamento_mecanica_unidad_umci_organismo_onm
laboratorio_de_longitud_-_llo_coordinacion_umci_departamento_mecanica_unidad_umci_organismo_onm,Laboratorio de Longitud - LLO,coordinacion_umci_departamento_mecanica_unidad_umci_organismo_onm
laboratorio_de_longitud_-_llo_coordinacion_umci_departamento_mecanica_unidad_umci_organismo_onm,Laboratorio de Longitud - LLO,coordinacion_umci_departamento_mecanica_unidad_umci_organismo_onm
laboratorio_de_longitud_-_llo_coordinacion_umci_departamento_mecanica_unidad_umci_organismo_onm,Laboratorio de Longitud - LLO,coordinacion_umci_departamento_mecanica_unidad_umci_organismo_onm
laboratorio_de_masa_-_lma_coordinacion_umci_departamento_de_masa_unidad_umci_organismo_onm,Laboratorio de Masa - LMA,coordinacion_umci_departamento_de_masa_unidad_umci_organismo_onm
laboratorio_de_masa_-_lma_coordinacion_umci_departamento_de_masa_unidad_umci_organismo_onm,Laboratorio de Masa - LMA,coordinacion_umci_departamento_de_masa_unidad_umci_organismo_onm
laboratorio_de_masa_-_lma_coordinacion_umci_departamento_de_masa_unidad_umci_organismo_onm,Laboratorio de Masa - LMA,coordinacion_umci_departamento_de_masa_unidad_umci_organismo_onm
laboratorio_de_masa_-_lma_coordinacion_umci_departamento_de_masa_unidad_umci_organismo_onm,Laboratorio de Masa - LMA,coordinacion_umci_departamento_de_masa_unidad_umci_organismo_onm
laboratorio_de_masa_-_lma_coordinacion_umci_departamento_de_masa_unidad_umci_organismo_onm,Laboratorio de Masa - LMA,coordinacion_umci_departamento_de_masa_unidad_umci_organismo_onm
laboratorio_de_masa_-_lma_coordinacion_umci_departamento_de_masa_unidad_umci_organismo_onm,Laboratorio de Masa - LMA,coordinacion_umci_departamento_de_masa_unidad_umci_organismo_onm
laboratorio_de_masa_-_lma_coordinacion_umci_departamento_de_masa_unidad_umci_organismo_onm,Laboratorio de Masa - LMA,coordinacion_umci_departamento_de_masa_unidad_umci_organismo_onm
laboratorio_de_masa_-_lma_coordinacion_umci_departamento_de_masa_unidad_umci_organismo_onm,Laboratorio de Masa - LMA,coordinacion_umci_departamento_de_masa_unidad_umci_organismo_onm
laboratorio_de_masa_-_lma_coordinacion_umci_departamento_de_masa_unidad_umci_organismo_onm,Laboratorio de Masa - LMA,coordinacion_umci_departamento_de_masa_unidad_umci_organismo_onm
laboratorio_de_masa_-_lma_coordinacion_umci_departamento_de_masa_unidad_umci_organismo_onm,Laboratorio de Masa - LMA,coordinacion_umci_departamento_de_masa_unidad_umci_organismo_onm
laboratorio_de_masa_-_lma_coordinacion_umci_departamento_de_masa_unidad_umci_organismo_onm,Laboratorio de Masa - LMA,coordinacion_umci_departamento_de_masa_unidad_umci_organismo_onm
laboratorio_de_masa_-_lma_coordinacion_umci_departamento_de_masa_unidad_umci_organismo_onm,Laboratorio de Masa - LMA,coordinacion_umci_departamento_de_masa_unidad_umci_organismo_onm
laboratorio_de_masa_-_lma_coordinacion_umci_departamento_de_masa_unidad_umci_organismo_onm,Laboratorio de Masa - LMA,coordinacion_umci_departamento_de_masa_unidad_umci_organismo_onm
laboratorio_de_masa_-_lma_coordinacion_umci_departamento_de_masa_unidad_umci_organismo_onm,Laboratorio de Masa - LMA,coordinacion_umci_departamento_de_masa_unidad_umci_organismo_onm
laboratorio_de_masa_-_lma_coordinacion_umci_departamento_de_masa_unidad_umci_organismo_onm,Laboratorio de Masa - LMA,coordinacion_umci_departamento_de_masa_unidad_umci_organismo_onm
laboratorio_de_masa_-_lma_coordinacion_umci_departamento_de_masa_unidad_umci_organismo_onm,Laboratorio de Masa - LMA,coordinacion_umci_departamento_de_masa_unidad_umci_organismo_onm
laboratorio_de_masa_-_lma_coordinacion_umci_departamento_de_masa_unidad_umci_organismo_onm,Laboratorio de Masa - LMA,coordinacion_umci_departamento_de_masa_unidad_umci_organismo_onm
laboratorio_de_masa_-_lma_coordinacion_umci_departamento_de_masa_unidad_umci_organismo_onm,Laboratorio de Masa - LMA,coordinacion_umci_departamento_de_masa_unidad_umci_organismo_onm
laboratorio_de_masa_-_lma_coordinacion_umci_departamento_de_masa_unidad_umci_organismo_onm,Laboratorio de Masa - LMA,coordinacion_umci_departamento_de_masa_unidad_umci_organismo_onm
laboratorio_de_masa_-_lma_coordinacion_umci_departamento_de_masa_unidad_umci_organismo_onm,Laboratorio de Masa - LMA,coordinacion_umci_departamento_de_masa_unidad_umci_organismo_onm
laboratorio_de_masa_-_lma_coordinacion_umci_departamento_de_masa_unidad_umci_organismo_onm,Laboratorio de Masa - LMA,coordinacion_umci_departamento_de_masa_unidad_umci_organismo_onm
laboratorio_de_masa_-_lma_coordinacion_umci_departamento_de_masa_unidad_umci_organismo_onm,Laboratorio de Masa - LMA,coordinacion_umci_departamento_de_masa_unidad_umci_organismo_onm
laboratorio_de_masa_-_lma_coordinacion_umci_departamento_de_masa_unidad_umci_organismo_onm,Laboratorio de Masa - LMA,coordinacion_umci_departamento_de_masa_unidad_umci_organismo_onm
laboratorio_de_masa_-_lma_coordinacion_umci_departamento_de_masa_unidad_umci_organismo_onm,Laboratorio de Masa - LMA,coordinacion_umci_departamento_de_masa_unidad_umci_organismo_onm
laboratorio_de_masa_-_lma_coordinacion_umci_departamento_de_masa_unidad_umci_organismo_onm,Laboratorio de Masa - LMA,coordinacion_umci_departamento_de_masa_unidad_umci_organismo_onm
laboratorio_de_masa_-_lma_coordinacion_umci_departamento_de_masa_unidad_umci_organismo_onm,Laboratorio de Masa - LMA,coordinacion_umci_departamento_de_masa_unidad_umci_organismo_onm
laboratorio_de_masa_-_lma_coordinacion_umci_departamento_de_masa_unidad_umci_organismo_onm,Laboratorio de Masa - LMA,coordinacion_umci_departamento_de_masa_unidad_umci_organismo_onm
laboratorio_de_masa_-_lma_coordinacion_umci_departamento_de_masa_unidad_umci_organismo_onm,Laboratorio de Masa - LMA,coordinacion_umci_departamento_de_masa_unidad_umci_organismo_onm
laboratorio_de_masa_-_lma_coordinacion_umci_departamento_de_masa_unidad_umci_organismo_onm,Laboratorio de Masa - LMA,coordinacion_umci_departamento_de_masa_unidad_umci_organismo_onm
laboratorio_de_masa_-_lma_coordinacion_umci_departamento_de_masa_unidad_umci_organismo_onm,Laboratorio de Masa - LMA,coordinacion_umci_departamento_de_masa_unidad_umci_organismo_onm
laboratorio_de_masa_-_lma_coordinacion_umci_departamento_de_masa_unidad_umci_organismo_onm,Laboratorio de Masa - LMA,coordinacion_umci_departamento_de_masa_unidad_umci_organismo_onm
laboratorio_de_masa_-_lma_coordinacion_umci_departamento_de_masa_unidad_umci_organismo_onm,Laboratorio de Masa - LMA,coordinacion_umci_departamento_de_masa_unidad_umci_organismo_onm
laboratorio_de_masa_-_lma_coordinacion_umci_departamento_de_masa_unidad_umci_organismo_onm,Laboratorio de Masa - LMA,coordinacion_umci_departamento_de_masa_unidad_umci_organismo_onm
laboratorio_de_masa_-_lma_coordinacion_umci_departamento_de_masa_unidad_umci_organismo_onm,Laboratorio de Masa - LMA,coordinacion_umci_departamento_de_masa_unidad_umci_organismo_onm
laboratorio_de_masa_-_lma_coordinacion_umci_departamento_de_masa_unidad_umci_organismo_onm,Laboratorio de Masa - LMA,coordinacion_umci_departamento_de_masa_unidad_umci_organismo_onm
laboratorio_de_masa_-_lma_coordinacion_umci_departamento_de_masa_unidad_umci_organismo_onm,Laboratorio de Masa - LMA,coordinacion_umci_departamento_de_masa_unidad_umci_organismo_onm
laboratorio_de_masa_-_lma_coordinacion_umci_departamento_de_masa_unidad_umci_organismo_onm,Laboratorio de Masa - LMA,coordinacion_umci_departamento_de_masa_unidad_umci_organismo_onm
laboratorio_de_masa_-_lma_coordinacion_umci_departamento_de_masa_unidad_umci_organismo_onm,Laboratorio de Masa - LMA,coordinacion_umci_departamento_de_masa_unidad_umci_organismo_onm
laboratorio_de_masa_-_lma_coordinacion_umci_departamento_de_masa_unidad_umci_organismo_onm,Laboratorio de Masa - LMA,coordinacion_umci_departamento_de_masa_unidad_umci_organismo_onm
laboratorio_de_masa_-_lma_coordinacion_umci_departamento_de_masa_unidad_umci_organismo_onm,Laboratorio de Masa - LMA,coordinacion_umci_departamento_de_masa_unidad_umci_organismo_onm
laboratorio_de_masa_-_lma_coordinacion_umci_departamento_de_masa_unidad_umci_organismo_onm,Laboratorio de Masa - LMA,coordinacion_umci_departamento_de_masa_unidad_umci_organismo_onm
laboratorio_de_masa_-_lma_coordinacion_umci_departamento_de_masa_unidad_umci_organismo_onm,Laboratorio de Masa - LMA,coordinacion_umci_departamento_de_masa_unidad_umci_organismo_onm
laboratorio_de_masa_-_lma_coordinacion_umci_departamento_de_masa_unidad_umci_organismo_onm,Laboratorio de Masa - LMA,coordinacion_umci_departamento_de_masa_unidad_umci_organismo_onm
laboratorio_de_masa_-_lma_coordinacion_umci_departamento_de_masa_unidad_umci_organismo_onm,Laboratorio de Masa - LMA,coordinacion_umci_departamento_de_masa_unidad_umci_organismo_onm
laboratorio_de_masa_-_lma_coordinacion_umci_departamento_de_masa_unidad_umci_organismo_onm,Laboratorio de Masa - LMA,coordinacion_umci_departamento_de_masa_unidad_umci_organismo_onm
laboratorio_de_masa_-_lma_coordinacion_umci_departamento_de_masa_unidad_umci_organismo_onm,Laboratorio de Masa - LMA,coordinacion_umci_departamento_de_masa_unidad_umci_organismo_onm
laboratorio_de_masa_-_lma_coordinacion_umci_departamento_de_masa_unidad_umci_organismo_onm,Laboratorio de Masa - LMA,coordinacion_umci_departamento_de_masa_unidad_umci_organismo_onm
laboratorio_de_masa_-_lma_coordinacion_umci_departamento_de_masa_unidad_umci_organismo_onm,Laboratorio de Masa - LMA,coordinacion_umci_departamento_de_masa_unidad_umci_organismo_onm
laboratorio_de_masa_-_lma_coordinacion_umci_departamento_de_masa_unidad_umci_organismo_onm,Laboratorio de Masa - LMA,coordinacion_umci_departamento_de_masa_unidad_umci_organismo_onm
laboratorio_de_masa_-_lma_coordinacion_umci_departamento_de_masa_unidad_umci_organismo_onm,Laboratorio de Masa - LMA,coordinacion_umci_departamento_de_masa_unidad_umci_organismo_onm
laboratorio_de_masa_-_lma_coordinacion_umci_departamento_de_masa_unidad_umci_organismo_onm,Laboratorio de Masa - LMA,coordinacion_umci_departamento_de_masa_unidad_umci_organismo_onm
laboratorio_de_masa_-_lma_coordinacion_umci_departamento_de_masa_unidad_umci_organismo_onm,Laboratorio de Masa - LMA,coordinacion_umci_departamento_de_masa_unidad_umci_organismo_onm
laboratorio_de_masa_-_lma_coordinacion_umci_departamento_de_masa_unidad_umci_organismo_onm,Laboratorio de Masa - LMA,coordinacion_umci_departamento_de_masa_unidad_umci_organismo_onm
laboratorio_de_masa_-_lma_coordinacion_umci_departamento_de_masa_unidad_umci_organismo_onm,Laboratorio de Masa - LMA,coordinacion_umci_departamento_de_masa_unidad_umci_organismo_onm
laboratorio_de_masa_-_lma_coordinacion_umci_departamento_de_masa_unidad_umci_organismo_onm,Laboratorio de Masa - LMA,coordinacion_umci_departamento_de_masa_unidad_umci_organismo_onm
laboratorio_de_masa_-_lma_coordinacion_umci_departamento_de_masa_unidad_umci_organismo_onm,Laboratorio de Masa - LMA,coordinacion_umci_departamento_de_masa_unidad_umci_organismo_onm
laboratorio_de_masa_-_lma_coordinacion_umci_departamento_de_masa_unidad_umci_organismo_onm,Laboratorio de Masa - LMA,coordinacion_umci_departamento_de_masa_unidad_umci_organismo_onm
laboratorio_de_masa_-_lma_coordinacion_umci_departamento_de_masa_unidad_umci_organismo_onm,Laboratorio de Masa - LMA,coordinacion_umci_departamento_de_masa_unidad_umci_organismo_onm
laboratorio_de_masa_-_lma_coordinacion_umci_departamento_de_masa_unidad_umci_organismo_onm,Laboratorio de Masa - LMA,coordinacion_umci_departamento_de_masa_unidad_umci_organismo_onm
laboratorio_de_masa_-_lma_coordinacion_umci_departamento_de_masa_unidad_umci_organismo_onm,Laboratorio de Masa - LMA,coordinacion_umci_departamento_de_masa_unidad_umci_organismo_onm
laboratorio_de_masa_-_lma_coordinacion_umci_departamento_de_masa_unidad_umci_organismo_onm,Laboratorio de Masa - LMA,coordinacion_umci_departamento_de_masa_unidad_umci_organismo_onm
laboratorio_de_masa_-_lma_coordinacion_umci_departamento_de_masa_unidad_umci_organismo_onm,Laboratorio de Masa - LMA,coordinacion_umci_departamento_de_masa_unidad_umci_organismo_onm
laboratorio_de_masa_-_lma_coordinacion_umci_departamento_de_masa_unidad_umci_organismo_onm,Laboratorio de Masa - LMA,coordinacion_umci_departamento_de_masa_unidad_umci_organismo_onm
laboratorio_de_masa_-_lma_coordinacion_umci_departamento_de_masa_unidad_umci_organismo_onm,Laboratorio de Masa - LMA,coordinacion_umci_departamento_de_masa_unidad_umci_organismo_onm
laboratorio_de_masa_-_lma_coordinacion_umci_departamento_de_masa_unidad_umci_organismo_onm,Laboratorio de Masa - LMA,coordinacion_umci_departamento_de_masa_unidad_umci_organismo_onm
laboratorio_de_masa_-_lma_coordinacion_umci_departamento_de_masa_unidad_umci_organismo_onm,Laboratorio de Masa - LMA,coordinacion_umci_departamento_de_masa_unidad_umci_organismo_onm
laboratorio_de_masa_-_lma_coordinacion_umci_departamento_de_masa_unidad_umci_organismo_onm,Laboratorio de Masa - LMA,coordinacion_umci_departamento_de_masa_unidad_umci_organismo_onm
laboratorio_de_masa_-_lma_coordinacion_umci_departamento_de_masa_unidad_umci_organismo_onm,Laboratorio de Masa - LMA,coordinacion_umci_departamento_de_masa_unidad_umci_organismo_onm
laboratorio_de_masa_-_lma_coordinacion_umci_departamento_de_masa_unidad_umci_organismo_onm,Laboratorio de Masa - LMA,coordinacion_umci_departamento_de_masa_unidad_umci_organismo_onm
laboratorio_de_masa_-_lma_coordinacion_umci_departamento_de_masa_unidad_umci_organismo_onm,Laboratorio de Masa - LMA,coordinacion_umci_departamento_de_masa_unidad_umci_organismo_onm
laboratorio_de_masa_-_lma_coordinacion_umci_departamento_de_masa_unidad_umci_organismo_onm,Laboratorio de Masa - LMA,coordinacion_umci_departamento_de_masa_unidad_umci_organismo_onm
laboratorio_de_masa_-_lma_coordinacion_umci_departamento_de_masa_unidad_umci_organismo_onm,Laboratorio de Masa - LMA,coordinacion_umci_departamento_de_masa_unidad_umci_organismo_onm
laboratorio_de_masa_-_lma_coordinacion_umci_departamento_de_masa_unidad_umci_organismo_onm,Laboratorio de Masa - LMA,coordinacion_umci_departamento_de_masa_unidad_umci_organismo_onm
laboratorio_de_masa_-_lma_coordinacion_umci_departamento_de_masa_unidad_umci_organismo_onm,Laboratorio de Masa - LMA,coordinacion_umci_departamento_de_masa_unidad_umci_organismo_onm
laboratorio_de_masa_-_lma_coordinacion_umci_departamento_de_masa_unidad_umci_organismo_onm,Laboratorio de Masa - LMA,coordinacion_umci_departamento_de_masa_unidad_umci_organismo_onm
laboratorio_de_masa_-_lma_coordinacion_umci_departamento_de_masa_unidad_umci_organismo_onm,Laboratorio de Masa - LMA,coordinacion_umci_departamento_de_masa_unidad_umci_organismo_onm
laboratorio_de_masa_-_lma_coordinacion_umci_departamento_de_masa_unidad_umci_organismo_onm,Laboratorio de Masa - LMA,coordinacion_umci_departamento_de_masa_unidad_umci_organismo_onm
laboratorio_de_masa_-_lma_coordinacion_umci_departamento_de_masa_unidad_umci_organismo_onm,Laboratorio de Masa - LMA,coordinacion_umci_departamento_de_masa_unidad_umci_organismo_onm
laboratorio_de_masa_-_lma_coordinacion_umci_departamento_de_masa_unidad_umci_organismo_onm,Laboratorio de Masa - LMA,coordinacion_umci_departamento_de_masa_unidad_umci_organismo_onm
laboratorio_de_masa_-_lma_coordinacion_umci_departamento_de_masa_unidad_umci_organismo_onm,Laboratorio de Masa - LMA,coordinacion_umci_departamento_de_masa_unidad_umci_organismo_onm
laboratorio_de_masa_-_lma_coordinacion_umci_departamento_de_masa_unidad_umci_organismo_onm,Laboratorio de Masa - LMA,coordinacion_umci_departamento_de_masa_unidad_umci_organismo_onm
laboratorio_de_masa_-_lma_coordinacion_umci_departamento_de_masa_unidad_umci_organismo_onm,Laboratorio de Masa - LMA,coordinacion_umci_departamento_de_masa_unidad_umci_organismo_onm
laboratorio_de_masa_-_lma_coordinacion_umci_departamento_de_masa_unidad_umci_organismo_onm,Laboratorio de Masa - LMA,coordinacion_umci_departamento_de_masa_unidad_umci_organismo_onm
laboratorio_de_masa_-_lma_coordinacion_umci_departamento_de_masa_unidad_umci_organismo_onm,Laboratorio de Masa - LMA,coordinacion_umci_departamento_de_masa_unidad_umci_organismo_onm
laboratorio_de_masa_-_lma_coordinacion_umci_departamento_de_masa_unidad_umci_organismo_onm,Laboratorio de Masa - LMA,coordinacion_umci_departamento_de_masa_unidad_umci_organismo_onm
laboratorio_de_masa_-_lma_coordinacion_umci_departamento_de_masa_unidad_umci_organismo_onm,Laboratorio de Masa - LMA,coordinacion_umci_departamento_de_masa_unidad_umci_organismo_onm
laboratorio_de_masa_-_lma_coordinacion_umci_departamento_de_masa_unidad_umci_organismo_onm,Laboratorio de Masa - LMA,coordinacion_umci_departamento_de_masa_unidad_umci_organismo_onm
laboratorio_de_masa_-_lma_coordinacion_umci_departamento_de_masa_unidad_umci_organismo_onm,Laboratorio de Masa - LMA,coordinacion_umci_departamento_de_masa_unidad_umci_organismo_onm
laboratorio_de_masa_-_lma_coordinacion_umci_departamento_de_masa_unidad_umci_organismo_onm,Laboratorio de Masa - LMA,coordinacion_umci_departamento_de_masa_unidad_umci_organismo_onm
laboratorio_de_metrologia_quimica_-_lmq_coordinacion_umci_departamento_de_termoelectrica_unidad_umci_organismo_onm,Laboratorio de Metrología Química - LMQ,coordinacion_umci_departamento_de_termoelectrica_unidad_umci_organismo_onm
laboratorio_de_metrologia_quimica_-_lmq_coordinacion_umci_departamento_de_termoelectrica_unidad_umci_organismo_onm,Laboratorio de Metrología Química - LMQ,coordinacion_umci_departamento_de_termoelectrica_unidad_umci_organismo_onm
laboratorio_de_presion_-_lpr_coordinacion_umci_departamento_mecanica_unidad_umci_organismo_onm,Laboratorio de Presión - LPR,coordinacion_umci_departamento_mecanica_unidad_umci_organismo_onm
laboratorio_de_presion_-_lpr_coordinacion_umci_departamento_mecanica_unidad_umci_organismo_onm,Laboratorio de Presión - LPR,coordinacion_umci_departamento_mecanica_unidad_umci_organismo_onm
laboratorio_de_presion_-_lpr_coordinacion_umci_departamento_mecanica_unidad_umci_organismo_onm,Laboratorio de Presión - LPR,coordinacion_umci_departamento_mecanica_unidad_umci_organismo_onm
laboratorio_de_presion_-_lpr_coordinacion_umci_departamento_mecanica_unidad_umci_organismo_onm,Laboratorio de Presión - LPR,coordinacion_umci_departamento_mecanica_unidad_umci_organismo_onm
laboratorio_de_presion_-_lpr_coordinacion_umci_departamento_mecanica_unidad_umci_organismo_onm,Laboratorio de Presión - LPR,coordinacion_umci_departamento_mecanica_unidad_umci_organismo_onm
laboratorio_de_presion_-_lpr_coordinacion_umci_departamento_mecanica_unidad_umci_organismo_onm,Laboratorio de Presión - LPR,coordinacion_umci_departamento_mecanica_unidad_umci_organismo_onm
laboratorio_de_presion_-_lpr_coordinacion_umci_departamento_mecanica_unidad_umci_organismo_onm,Laboratorio de Presión - LPR,coordinacion_umci_departamento_mecanica_unidad_umci_organismo_onm
laboratorio_de_presion_-_lpr_coordinacion_umci_departamento_mecanica_unidad_umci_organismo_onm,Laboratorio de Presión - LPR,coordinacion_umci_departamento_mecanica_unidad_umci_organismo_onm
laboratorio_de_temperatura_-_lte_coordinacion_umci_departamento_de_termoelectrica_unidad_umci_organismo_onm,Laboratorio de Temperatura - LTE,coordinacion_umci_departamento_de_termoelectrica_unidad_umci_organismo_onm
laboratorio_de_temperatura_-_lte_coordinacion_umci_departamento_de_termoelectrica_unidad_umci_organismo_onm,Laboratorio de Temperatura - LTE,coordinacion_umci_departamento_de_termoelectrica_unidad_umci_organismo_onm
laboratorio_de_temperatura_-_lte_coordinacion_umci_departamento_de_termoelectrica_unidad_umci_organismo_onm,Laboratorio de Temperatura - LTE,coordinacion_umci_departamento_de_termoelectrica_unidad_umci_organismo_onm
laboratorio_de_temperatura_-_lte_coordinacion_umci_departamento_de_termoelectrica_unidad_umci_organismo_onm,Laboratorio de Temperatura - LTE,coordinacion_umci_departamento_de_termoelectrica_unidad_umci_organismo_onm
laboratorio_de_temperatura_-_lte_coordinacion_umci_departamento_de_termoelectrica_unidad_umci_organismo_onm,Laboratorio de Temperatura - LTE,coordinacion_umci_departamento_de_termoelectrica_unidad_umci_organismo_onm
laboratorio_de_temperatura_-_lte_coordinacion_umci_departamento_de_termoelectrica_unidad_umci_organismo_onm,Laboratorio de Temperatura - LTE,coordinacion_umci_departamento_de_termoelectrica_unidad_umci_organismo_onm
laboratorio_de_temperatura_-_lte_coordinacion_umci_departamento_de_termoelectrica_unidad_umci_organismo_onm,Laboratorio de Temperatura - LTE,coordinacion_umci_departamento_de_termoelectrica_unidad_umci_organismo_onm
laboratorio_de_temperatura_-_lte_coordinacion_umci_departamento_de_termoelectrica_unidad_umci_organismo_onm,Laboratorio de Temperatura - LTE,coordinacion_umci_departamento_de_termoelectrica_unidad_umci_organismo_onm
laboratorio_de_temperatura_-_lte_coordinacion_umci_departamento_de_termoelectrica_unidad_umci_organismo_onm,Laboratorio de Temperatura - LTE,coordinacion_umci_departamento_de_termoelectrica_unidad_umci_organismo_onm
laboratorio_de_temperatura_-_lte_coordinacion_umci_departamento_de_termoelectrica_unidad_umci_organismo_onm,Laboratorio de Temperatura - LTE,coordinacion_umci_departamento_de_termoelectrica_unidad_umci_organismo_onm
laboratorio_de_temperatura_-_lte_coordinacion_umci_departamento_de_termoelectrica_unidad_umci_organismo_onm,Laboratorio de Temperatura - LTE,coordinacion_umci_departamento_de_termoelectrica_unidad_umci_organismo_onm
laboratorio_de_temperatura_-_lte_coordinacion_umci_departamento_de_termoelectrica_unidad_umci_organismo_onm,Laboratorio de Temperatura - LTE,coordinacion_umci_departamento_de_termoelectrica_unidad_umci_organismo_onm
laboratorio_de_temperatura_-_lte_coordinacion_umci_departamento_de_termoelectrica_unidad_umci_organismo_onm,Laboratorio de Temperatura - LTE,coordinacion_umci_departamento_de_termoelectrica_unidad_umci_organismo_onm
laboratorio_de_temperatura_-_lte_coordinacion_umci_departamento_de_termoelectrica_unidad_umci_organismo_onm,Laboratorio de Temperatura - LTE,coordinacion_umci_departamento_de_termoelectrica_unidad_umci_organismo_onm
laboratorio_de_temperatura_-_lte_coordinacion_umci_departamento_de_termoelectrica_unidad_umci_organismo_onm,Laboratorio de Temperatura - LTE,coordinacion_umci_departamento_de_termoelectrica_unidad_umci_organismo_onm
laboratorio_de_temperatura_-_lte_coordinacion_umci_departamento_de_termoelectrica_unidad_umci_organismo_onm,Laboratorio de Temperatura - LTE,coordinacion_umci_departamento_de_termoelectrica_unidad_umci_organismo_onm
laboratorio_de_temperatura_-_lte_coordinacion_umci_departamento_de_termoelectrica_unidad_umci_organismo_onm,Laboratorio de Temperatura - LTE,coordinacion_umci_departamento_de_termoelectrica_unidad_umci_organismo_onm
laboratorio_de_temperatura_-_lte_coordinacion_umci_departamento_de_termoelectrica_unidad_umci_organismo_onm,Laboratorio de Temperatura - LTE,coordinacion_umci_departamento_de_termoelectrica_unidad_umci_organismo_onm
laboratorio_de_temperatura_-_lte_coordinacion_umci_departamento_de_termoelectrica_unidad_umci_organismo_onm,Laboratorio de Temperatura - LTE,coordinacion_umci_departamento_de_termoelectrica_unidad_umci_organismo_onm
laboratorio_de_temperatura_-_lte_coordinacion_umci_departamento_de_termoelectrica_unidad_umci_organismo_onm,Laboratorio de Temperatura - LTE,coordinacion_umci_departamento_de_termoelectrica_unidad_umci_organismo_onm
laboratorio_de_tiempo_y_frecuencia_-_ltf_coordinacion_umci_departamento_de_termoelectrica_unidad_umci_organismo_onm,Laboratorio de Tiempo y Frecuencia - LTF,coordinacion_umci_departamento_de_termoelectrica_unidad_umci_organismo_onm
laboratorio_de_tiempo_y_frecuencia_-_ltf_coordinacion_umci_departamento_de_termoelectrica_unidad_umci_organismo_onm,Laboratorio de Tiempo y Frecuencia - LTF,coordinacion_umci_departamento_de_termoelectrica_unidad_umci_organismo_onm
laboratorio_de_volumen_y_densidad_-_lvd_coordinacion_umci_departamento_de_masa_unidad_umci_organismo_onm,Laboratorio de Volumen y Densidad - LVD,coordinacion_umci_departamento_de_masa_unidad_umci_organismo_onm
laboratorio_de_volumen_y_densidad_-_lvd_coordinacion_umci_departamento_de_masa_unidad_umci_organismo_onm,Laboratorio de Volumen y Densidad - LVD,coordinacion_umci_departamento_de_masa_unidad_umci_organismo_onm
laboratorio_de_volumen_y_densidad_-_lvd_coordinacion_umci_departamento_de_masa_unidad_umci_organismo_onm,Laboratorio de Volumen y Densidad - LVD,coordinacion_umci_departamento_de_masa_unidad_umci_organismo_onm
laboratorio_de_volumen_y_densidad_-_lvd_coordinacion_umci_departamento_de_masa_unidad_umci_organismo_onm,Laboratorio de Volumen y Densidad - LVD,coordinacion_umci_departamento_de_masa_unidad_umci_organismo_onm
laboratorio_de_volumen_y_densidad_-_lvd_coordinacion_umci_departamento_de_masa_unidad_umci_organismo_onm,Laboratorio de Volumen y Densidad - LVD,coordinacion_umci_departamento_de_masa_unidad_umci_organismo_onm
laboratorio_de_volumen_y_densidad_-_lvd_coordinacion_umci_departamento_de_masa_unidad_umci_organismo_onm,Laboratorio de Volumen y Densidad - LVD,coordinacion_umci_departamento_de_masa_unidad_umci_organismo_onm
laboratorio_de_volumen_y_densidad_-_lvd_coordinacion_umci_departamento_de_masa_unidad_umci_organismo_onm,Laboratorio de Volumen y Densidad - LVD,coordinacion_umci_departamento_de_masa_unidad_umci_organismo_onm
laboratorio_de_volumen_y_densidad_-_lvd_coordinacion_umci_departamento_de_masa_unidad_umci_organismo_onm,Laboratorio de Volumen y Densidad - LVD,coordinacion_umci_departamento_de_masa_unidad_umci_organismo_onm
laboratorio_de_volumen_y_densidad_-_lvd_coordinacion_umci_departamento_de_masa_unidad_umci_organismo_onm,Laboratorio de Volumen y Densidad - LVD,coordinacion_umci_departamento_de_masa_unidad_umci_organismo_onm
laboratorio_de_volumen_y_densidad_-_lvd_coordinacion_umci_departamento_de_masa_unidad_umci_organismo_onm,Laboratorio de Volumen y Densidad - LVD,coordinacion_umci_departamento_de_masa_unidad_umci_organismo_onm
laboratorio_de_volumen_y_densidad_-_lvd_coordinacion_umci_departamento_de_masa_unidad_umci_organismo_onm,Laboratorio de Volumen y Densidad - LVD,coordinacion_umci_departamento_de_masa_unidad_umci_organismo_onm
laboratorio_de_volumen_y_densidad_-_lvd_coordinacion_umci_departamento_de_masa_unidad_umci_organismo_onm,Laboratorio de Volumen y Densidad - LVD,coordinacion_umci_departamento_de_masa_unidad_umci_organismo_onm
laboratorio_de_volumen_y_densidad_-_lvd_coordinacion_umci_departamento_de_masa_unidad_umci_organismo_onm,Laboratorio de Volumen y Densidad - LVD,coordinacion_umci_departamento_de_masa_unidad_umci_organismo_onm
laboratorio_de_volumen_y_densidad_-_lvd_coordinacion_umci_departamento_de_masa_unidad_umci_organismo_onm,Laboratorio de Volumen y Densidad - LVD,coordinacion_umci_departamento_de_masa_unidad_umci_organismo_onm
laboratorio_intn_coordinacion_intn_departamento_inspeccion_de_instalaciones_unidad_intn_organismo_oni,Laboratorio INTN,coordinacion_intn_departamento_inspeccion_de_instalaciones_unidad_intn_organismo_oni
laboratorio_intn_coordinacion_intn_departamento_inspeccion_de_instalaciones_unidad_intn_organismo_oni,Laboratorio INTN,coordinacion_intn_departamento_inspeccion_de_instalaciones_unidad_intn_organismo_oni
laboratorio_intn_coordinacion_intn_departamento_inspeccion_de_instalaciones_unidad_intn_organismo_oni,Laboratorio INTN,coordinacion_intn_departamento_inspeccion_de_instalaciones_unidad_intn_organismo_oni
laboratorio_intn_coordinacion_intn_departamento_inspeccion_de_instalaciones_unidad_intn_organismo_oni,Laboratorio INTN,coordinacion_intn_departamento_inspeccion_de_instalaciones_unidad_intn_organismo_oni
laboratorio_intn_coordinacion_intn_departamento_inspeccion_de_instalaciones_unidad_intn_organismo_oni,Laboratorio INTN,coordinacion_intn_departamento_inspeccion_de_instalaciones_unidad_intn_organismo_oni
laboratorio_seguridad_industrial_coordinacion_intn_departamento_seguridad_industrial_unidad_intn_organismo_oni,Seguridad industrial,coordinacion_intn_departamento_seguridad_industrial_unidad_intn_organismo_oni
laboratorio_seguridad_industrial_coordinacion_intn_departamento_seguridad_industrial_unidad_intn_organismo_oni,Seguridad industrial,coordinacion_intn_departamento_seguridad_industrial_unidad_intn_organismo_oni
laboratorio_seguridad_industrial_coordinacion_intn_departamento_seguridad_industrial_unidad_intn_organismo_oni,Seguridad industrial,coordinacion_intn_departamento_seguridad_industrial_unidad_intn_organismo_oni
laboratorio_seguridad_industrial_coordinacion_intn_departamento_seguridad_industrial_unidad_intn_organismo_oni,Seguridad industrial,coordinacion_intn_departamento_seguridad_industrial_unidad_intn_organismo_oni
laboratorio_seguridad_industrial_coordinacion_intn_departamento_seguridad_industrial_unidad_intn_organismo_oni,Seguridad industrial,coordinacion_intn_departamento_seguridad_industrial_unidad_intn_organismo_oni
laboratorio_seguridad_industrial_coordinacion_intn_departamento_seguridad_industrial_unidad_intn_organismo_oni,Seguridad industrial,coordinacion_intn_departamento_seguridad_industrial_unidad_intn_organismo_oni
laboratorio_seguridad_industrial_coordinacion_intn_departamento_seguridad_industrial_unidad_intn_organismo_oni,Seguridad industrial,coordinacion_intn_departamento_seguridad_industrial_unidad_intn_organismo_oni
laboratorio_seguridad_industrial_coordinacion_intn_departamento_seguridad_industrial_unidad_intn_organismo_oni,Seguridad industrial,coordinacion_intn_departamento_seguridad_industrial_unidad_intn_organismo_oni
laboratorio_seguridad_industrial_coordinacion_intn_departamento_seguridad_industrial_unidad_intn_organismo_oni,Seguridad industrial,coordinacion_intn_departamento_seguridad_industrial_unidad_intn_organismo_oni
laboratorio_seguridad_industrial_coordinacion_intn_departamento_seguridad_industrial_unidad_intn_organismo_oni,Seguridad industrial,coordinacion_intn_departamento_seguridad_industrial_unidad_intn_organismo_oni
laboratorio_seguridad_industrial_coordinacion_intn_departamento_seguridad_industrial_unidad_intn_organismo_oni,Seguridad industrial,coordinacion_intn_departamento_seguridad_industrial_unidad_intn_organismo_oni
laboratorio_seguridad_industrial_coordinacion_intn_departamento_seguridad_industrial_unidad_intn_organismo_oni,Seguridad industrial,coordinacion_intn_departamento_seguridad_industrial_unidad_intn_organismo_oni
laboratorio_seguridad_industrial_coordinacion_intn_departamento_seguridad_industrial_unidad_intn_organismo_oni,Seguridad industrial,coordinacion_intn_departamento_seguridad_industrial_unidad_intn_organismo_oni
laboratorio_seguridad_industrial_coordinacion_intn_departamento_seguridad_industrial_unidad_intn_organismo_oni,Seguridad industrial,coordinacion_intn_departamento_seguridad_industrial_unidad_intn_organismo_oni
laboratorio_seguridad_industrial_coordinacion_intn_departamento_seguridad_industrial_unidad_intn_organismo_oni,Seguridad industrial,coordinacion_intn_departamento_seguridad_industrial_unidad_intn_organismo_oni
laboratorio_seguridad_industrial_coordinacion_intn_departamento_seguridad_industrial_unidad_intn_organismo_oni,Seguridad industrial,coordinacion_intn_departamento_seguridad_industrial_unidad_intn_organismo_oni
laboratorio_seguridad_industrial_coordinacion_intn_departamento_seguridad_industrial_unidad_intn_organismo_oni,Seguridad industrial,coordinacion_intn_departamento_seguridad_industrial_unidad_intn_organismo_oni
laboratorio_seguridad_industrial_coordinacion_intn_departamento_seguridad_industrial_unidad_intn_organismo_oni,Seguridad industrial,coordinacion_intn_departamento_seguridad_industrial_unidad_intn_organismo_oni
laboratorio_seguridad_industrial_coordinacion_intn_departamento_seguridad_industrial_unidad_intn_organismo_oni,Seguridad industrial,coordinacion_intn_departamento_seguridad_industrial_unidad_intn_organismo_oni
laboratorio_seguridad_industrial_coordinacion_intn_departamento_seguridad_industrial_unidad_intn_organismo_oni,Seguridad industrial,coordinacion_intn_departamento_seguridad_industrial_unidad_intn_organismo_oni
laboratorio_seguridad_industrial_coordinacion_intn_departamento_seguridad_industrial_unidad_intn_organismo_oni,Seguridad industrial,coordinacion_intn_departamento_seguridad_industrial_unidad_intn_organismo_oni
laboratorio_seguridad_industrial_coordinacion_intn_departamento_seguridad_industrial_unidad_intn_organismo_oni,Seguridad industrial,coordinacion_intn_departamento_seguridad_industrial_unidad_intn_organismo_oni
laboratorio_seguridad_industrial_coordinacion_intn_departamento_seguridad_industrial_unidad_intn_organismo_oni,Seguridad industrial,coordinacion_intn_departamento_seguridad_industrial_unidad_intn_organismo_oni
