id,name,determinacion,list_price,lst_price,organismo_id/id,unidad_id/id,departamento_id/id,coordinacion_id/id,laboratorio_id/id,verificacion_insitu,active,type
extraccion_de_muestra_oni_-_productos_en_general_extraccion_de_muestra,Extracción de Muestra ONI - Productos en General,Extracción de muestra,227000,227000,organismo_oni,unidad_intn_organismo_oni,departamento_muestreo_unidad_intn_organismo_oni,coordinacion_intn_departamento_muestreo_unidad_intn_organismo_oni,laboratorio_intn_coordinacion_intn_departamento_muestreo_unidad_intn_organismo_oni,False,True,Consumible
extraccion_de_muestra_oni_-_productos_en_general_extraccion_adicional_por_muestra_en_un_mismo_sitio,Extracción de Muestra ONI - Productos en General,Extracción adicional por muestra en un mismo sitio,113000,113000,organismo_oni,unidad_intn_organismo_oni,departamento_muestreo_unidad_intn_organismo_oni,coordinacion_intn_departamento_muestreo_unidad_intn_organismo_oni,laboratorio_intn_coordinacion_intn_departamento_muestreo_unidad_intn_organismo_oni,False,True,Consumible
extraccion_de_muestra_oni_-_productos_en_general_acompanamiento_tecnico,Extracción de Muestra ONI - Productos en General,Acompañamiento técnico,0,0,organismo_oni,unidad_intn_organismo_oni,departamento_muestreo_unidad_intn_organismo_oni,coordinacion_intn_departamento_muestreo_unidad_intn_organismo_oni,laboratorio_intn_coordinacion_intn_departamento_muestreo_unidad_intn_organismo_oni,False,True,Consumible
extraccion_de_muestra_oni_-_programas_especificos_extraccion_de_muestra,Extracción de Muestra ONI - Programas Específicos,Extracción de muestra,227000,227000,organismo_oni,unidad_intn_organismo_oni,departamento_muestreo_unidad_intn_organismo_oni,coordinacion_intn_departamento_muestreo_unidad_intn_organismo_oni,laboratorio_intn_coordinacion_intn_departamento_muestreo_unidad_intn_organismo_oni,False,True,Consumible
extraccion_de_muestra_oni_-_programas_especificos_extraccion_adicional_por_muestra_en_un_mismo_sitio,Extracción de Muestra ONI - Programas Específicos,Extracción adicional por muestra en un mismo sitio,13000,13000,organismo_oni,unidad_intn_organismo_oni,departamento_muestreo_unidad_intn_organismo_oni,coordinacion_intn_departamento_muestreo_unidad_intn_organismo_oni,laboratorio_intn_coordinacion_intn_departamento_muestreo_unidad_intn_organismo_oni,False,True,Consumible
productos_derivados_del_petroleo_-_solventes_-_oni_-_extraccion_de_muestras_extraccion_de_(1)_muestra,Productos Derivados del Petróleo - Solventes - ONI - Extracción de Muestras,Extracción de (1) Muestra,642000,642000,organismo_oni,unidad_intn_organismo_oni,departamento_muestreo_unidad_intn_organismo_oni,coordinacion_intn_departamento_muestreo_unidad_intn_organismo_oni,laboratorio_intn_coordinacion_intn_departamento_muestreo_unidad_intn_organismo_oni,False,True,Consumible
productos_derivados_del_petroleo_-_solventes_-_oni_-_extraccion_de_muestras_extraccion_de_(2)_muestras,Productos Derivados del Petróleo - Solventes - ONI - Extracción de Muestras,Extracción de (2) Muestras,1024000,1024000,organismo_oni,unidad_intn_organismo_oni,departamento_muestreo_unidad_intn_organismo_oni,coordinacion_intn_departamento_muestreo_unidad_intn_organismo_oni,laboratorio_intn_coordinacion_intn_departamento_muestreo_unidad_intn_organismo_oni,False,True,Consumible
productos_derivados_del_petroleo_-_solventes_-_oni_-_extraccion_de_muestras_extraccion_de_(3)_muestras,Productos Derivados del Petróleo - Solventes - ONI - Extracción de Muestras,Extracción de (3) Muestras,1482000,1482000,organismo_oni,unidad_intn_organismo_oni,departamento_muestreo_unidad_intn_organismo_oni,coordinacion_intn_departamento_muestreo_unidad_intn_organismo_oni,laboratorio_intn_coordinacion_intn_departamento_muestreo_unidad_intn_organismo_oni,False,True,Consumible
productos_derivados_del_petroleo_-_solventes_-_oni_-_extraccion_de_muestras_extraccion_de_(4)_muestras,Productos Derivados del Petróleo - Solventes - ONI - Extracción de Muestras,Extracción de (4) Muestras,1939000,1939000,organismo_oni,unidad_intn_organismo_oni,departamento_muestreo_unidad_intn_organismo_oni,coordinacion_intn_departamento_muestreo_unidad_intn_organismo_oni,laboratorio_intn_coordinacion_intn_departamento_muestreo_unidad_intn_organismo_oni,False,True,Consumible
productos_derivados_del_petroleo_-_solventes_-_oni_-_extraccion_de_muestras_extraccion_de_(5)_muestras,Productos Derivados del Petróleo - Solventes - ONI - Extracción de Muestras,Extracción de (5) Muestras,2396000,2396000,organismo_oni,unidad_intn_organismo_oni,departamento_muestreo_unidad_intn_organismo_oni,coordinacion_intn_departamento_muestreo_unidad_intn_organismo_oni,laboratorio_intn_coordinacion_intn_departamento_muestreo_unidad_intn_organismo_oni,False,True,Consumible
productos_derivados_del_petroleo_-_solventes_-_oni_-_extraccion_de_muestras_extraccion_de_(6)_muestras,Productos Derivados del Petróleo - Solventes - ONI - Extracción de Muestras,Extracción de (6) Muestras,2853000,2853000,organismo_oni,unidad_intn_organismo_oni,departamento_muestreo_unidad_intn_organismo_oni,coordinacion_intn_departamento_muestreo_unidad_intn_organismo_oni,laboratorio_intn_coordinacion_intn_departamento_muestreo_unidad_intn_organismo_oni,False,True,Consumible
productos_derivados_del_petroleo_-_solventes_-_oni_-_extraccion_de_muestras_extraccion_de_(7)_muestras,Productos Derivados del Petróleo - Solventes - ONI - Extracción de Muestras,Extracción de (7) Muestras,3310000,3310000,organismo_oni,unidad_intn_organismo_oni,departamento_muestreo_unidad_intn_organismo_oni,coordinacion_intn_departamento_muestreo_unidad_intn_organismo_oni,laboratorio_intn_coordinacion_intn_departamento_muestreo_unidad_intn_organismo_oni,False,True,Consumible
productos_derivados_del_petroleo_-_solventes_-_oni_-_extraccion_de_muestras_extraccion_de_(8)_muestras,Productos Derivados del Petróleo - Solventes - ONI - Extracción de Muestras,Extracción de (8) Muestras,3767000,3767000,organismo_oni,unidad_intn_organismo_oni,departamento_muestreo_unidad_intn_organismo_oni,coordinacion_intn_departamento_muestreo_unidad_intn_organismo_oni,laboratorio_intn_coordinacion_intn_departamento_muestreo_unidad_intn_organismo_oni,False,True,Consumible
productos_derivados_del_petroleo_-_solventes_-_oni_-_extraccion_de_muestras_extraccion_de_(9)_muestras,Productos Derivados del Petróleo - Solventes - ONI - Extracción de Muestras,Extracción de (9) Muestras,4224000,4224000,organismo_oni,unidad_intn_organismo_oni,departamento_muestreo_unidad_intn_organismo_oni,coordinacion_intn_departamento_muestreo_unidad_intn_organismo_oni,laboratorio_intn_coordinacion_intn_departamento_muestreo_unidad_intn_organismo_oni,False,True,Consumible
productos_derivados_del_petroleo_-_solventes_-_oni_-_extraccion_de_muestras_extraccion_de_(10)_muestras,Productos Derivados del Petróleo - Solventes - ONI - Extracción de Muestras,Extracción de (10) Muestras,4681000,4681000,organismo_oni,unidad_intn_organismo_oni,departamento_muestreo_unidad_intn_organismo_oni,coordinacion_intn_departamento_muestreo_unidad_intn_organismo_oni,laboratorio_intn_coordinacion_intn_departamento_muestreo_unidad_intn_organismo_oni,False,True,Consumible
analisis_en_muestras_analisis_en_(1)_muestra,Análisis en Muestras,Análisis en (1) Muestra,642000,642000,organismo_oni,unidad_intn_organismo_oni,departamento_muestreo_unidad_intn_organismo_oni,coordinacion_intn_departamento_muestreo_unidad_intn_organismo_oni,laboratorio_intn_coordinacion_intn_departamento_muestreo_unidad_intn_organismo_oni,False,True,Consumible
analisis_en_muestras_analisis_en_(2)_muestras,Análisis en Muestras,Análisis en (2) Muestras,1024000,1024000,organismo_oni,unidad_intn_organismo_oni,departamento_muestreo_unidad_intn_organismo_oni,coordinacion_intn_departamento_muestreo_unidad_intn_organismo_oni,laboratorio_intn_coordinacion_intn_departamento_muestreo_unidad_intn_organismo_oni,False,True,Consumible
analisis_en_muestras_analisis_en_(3)_muestras,Análisis en Muestras,Análisis en (3) Muestras,1482000,1482000,organismo_oni,unidad_intn_organismo_oni,departamento_muestreo_unidad_intn_organismo_oni,coordinacion_intn_departamento_muestreo_unidad_intn_organismo_oni,laboratorio_intn_coordinacion_intn_departamento_muestreo_unidad_intn_organismo_oni,False,True,Consumible
analisis_en_muestras_analisis_en_(4)_muestras,Análisis en Muestras,Análisis en (4) Muestras,1939000,1939000,organismo_oni,unidad_intn_organismo_oni,departamento_muestreo_unidad_intn_organismo_oni,coordinacion_intn_departamento_muestreo_unidad_intn_organismo_oni,laboratorio_intn_coordinacion_intn_departamento_muestreo_unidad_intn_organismo_oni,False,True,Consumible
analisis_en_muestras_analisis_en_(5)_muestras,Análisis en Muestras,Análisis en (5) Muestras,2396000,2396000,organismo_oni,unidad_intn_organismo_oni,departamento_muestreo_unidad_intn_organismo_oni,coordinacion_intn_departamento_muestreo_unidad_intn_organismo_oni,laboratorio_intn_coordinacion_intn_departamento_muestreo_unidad_intn_organismo_oni,False,True,Consumible
analisis_en_muestras_analisis_en_(6)_muestras,Análisis en Muestras,Análisis en (6) Muestras,2853000,2853000,organismo_oni,unidad_intn_organismo_oni,departamento_muestreo_unidad_intn_organismo_oni,coordinacion_intn_departamento_muestreo_unidad_intn_organismo_oni,laboratorio_intn_coordinacion_intn_departamento_muestreo_unidad_intn_organismo_oni,False,True,Consumible
analisis_en_muestras_analisis_en_(7)_muestras,Análisis en Muestras,Análisis en (7) Muestras,3310000,3310000,organismo_oni,unidad_intn_organismo_oni,departamento_muestreo_unidad_intn_organismo_oni,coordinacion_intn_departamento_muestreo_unidad_intn_organismo_oni,laboratorio_intn_coordinacion_intn_departamento_muestreo_unidad_intn_organismo_oni,False,True,Consumible
analisis_en_muestras_analisis_en_(8)_muestras,Análisis en Muestras,Análisis en (8) Muestras,3767000,3767000,organismo_oni,unidad_intn_organismo_oni,departamento_muestreo_unidad_intn_organismo_oni,coordinacion_intn_departamento_muestreo_unidad_intn_organismo_oni,laboratorio_intn_coordinacion_intn_departamento_muestreo_unidad_intn_organismo_oni,False,True,Consumible
analisis_en_muestras_analisis_en_(9)_muestras,Análisis en Muestras,Análisis en (9) Muestras,4224000,4224000,organismo_oni,unidad_intn_organismo_oni,departamento_muestreo_unidad_intn_organismo_oni,coordinacion_intn_departamento_muestreo_unidad_intn_organismo_oni,laboratorio_intn_coordinacion_intn_departamento_muestreo_unidad_intn_organismo_oni,False,True,Consumible
analisis_en_muestras_analisis_en_(10)_muestras,Análisis en Muestras,Análisis en (10) Muestras,4681000,4681000,organismo_oni,unidad_intn_organismo_oni,departamento_muestreo_unidad_intn_organismo_oni,coordinacion_intn_departamento_muestreo_unidad_intn_organismo_oni,laboratorio_intn_coordinacion_intn_departamento_muestreo_unidad_intn_organismo_oni,False,True,Consumible
productos_derivados_del_petroleo_-_oni_-_extraccion_de_muestras_de_combustibles_extraccion_de_(1)_muestra_de_combustible,Productos Derivados del Petróleo - ONI - Extracción de Muestras de Combustibles,Extracción de (1) muestra de combustible,739000,739000,organismo_oni,unidad_intn_organismo_oni,departamento_muestreo_unidad_intn_organismo_oni,coordinacion_intn_departamento_muestreo_unidad_intn_organismo_oni,laboratorio_intn_coordinacion_intn_departamento_muestreo_unidad_intn_organismo_oni,False,True,Consumible
productos_derivados_del_petroleo_-_oni_-_extraccion_de_muestras_de_combustibles_extraccion_de_(2)_muestras_de_combustible,Productos Derivados del Petróleo - ONI - Extracción de Muestras de Combustibles,Extracción de (2) muestras de combustible,1366000,1366000,organismo_oni,unidad_intn_organismo_oni,departamento_muestreo_unidad_intn_organismo_oni,coordinacion_intn_departamento_muestreo_unidad_intn_organismo_oni,laboratorio_intn_coordinacion_intn_departamento_muestreo_unidad_intn_organismo_oni,False,True,Consumible
productos_derivados_del_petroleo_-_oni_-_extraccion_de_muestras_de_combustibles_extraccion_de_(3)_muestras_de_combustible,Productos Derivados del Petróleo - ONI - Extracción de Muestras de Combustibles,Extracción de (3) muestras de combustible,2054000,2054000,organismo_oni,unidad_intn_organismo_oni,departamento_muestreo_unidad_intn_organismo_oni,coordinacion_intn_departamento_muestreo_unidad_intn_organismo_oni,laboratorio_intn_coordinacion_intn_departamento_muestreo_unidad_intn_organismo_oni,False,True,Consumible
productos_derivados_del_petroleo_-_oni_-_extraccion_de_muestras_de_combustibles_extraccion_de_(4)_muestras_de_combustible,Productos Derivados del Petróleo - ONI - Extracción de Muestras de Combustibles,Extracción de (4) muestras de combustible,2745000,2745000,organismo_oni,unidad_intn_organismo_oni,departamento_muestreo_unidad_intn_organismo_oni,coordinacion_intn_departamento_muestreo_unidad_intn_organismo_oni,laboratorio_intn_coordinacion_intn_departamento_muestreo_unidad_intn_organismo_oni,False,True,Consumible
productos_derivados_del_petroleo_-_oni_-_extraccion_de_muestras_de_combustibles_extraccion_de_(5)_muestras_de_combustible,Productos Derivados del Petróleo - ONI - Extracción de Muestras de Combustibles,Extracción de (5) muestras de combustible,3434000,3434000,organismo_oni,unidad_intn_organismo_oni,departamento_muestreo_unidad_intn_organismo_oni,coordinacion_intn_departamento_muestreo_unidad_intn_organismo_oni,laboratorio_intn_coordinacion_intn_departamento_muestreo_unidad_intn_organismo_oni,False,True,Consumible
productos_derivados_del_petroleo_-_oni_-_extraccion_de_muestras_de_combustibles_extraccion_de_(6)_muestras_de_combustible,Productos Derivados del Petróleo - ONI - Extracción de Muestras de Combustibles,Extracción de (6) muestras de combustible,4124000,4124000,organismo_oni,unidad_intn_organismo_oni,departamento_muestreo_unidad_intn_organismo_oni,coordinacion_intn_departamento_muestreo_unidad_intn_organismo_oni,laboratorio_intn_coordinacion_intn_departamento_muestreo_unidad_intn_organismo_oni,False,True,Consumible
productos_derivados_del_petroleo_-_oni_-_extraccion_de_muestras_de_combustibles_extraccion_de_(7)_muestras_de_combustible,Productos Derivados del Petróleo - ONI - Extracción de Muestras de Combustibles,Extracción de (7) muestras de combustible,4814000,4814000,organismo_oni,unidad_intn_organismo_oni,departamento_muestreo_unidad_intn_organismo_oni,coordinacion_intn_departamento_muestreo_unidad_intn_organismo_oni,laboratorio_intn_coordinacion_intn_departamento_muestreo_unidad_intn_organismo_oni,False,True,Consumible
productos_derivados_del_petroleo_-_oni_-_extraccion_de_muestras_de_combustibles_extraccion_de_(8)_muestras_de_combustible,Productos Derivados del Petróleo - ONI - Extracción de Muestras de Combustibles,Extracción de (8) muestras de combustible,5504000,5504000,organismo_oni,unidad_intn_organismo_oni,departamento_muestreo_unidad_intn_organismo_oni,coordinacion_intn_departamento_muestreo_unidad_intn_organismo_oni,laboratorio_intn_coordinacion_intn_departamento_muestreo_unidad_intn_organismo_oni,False,True,Consumible
productos_derivados_del_petroleo_-_oni_-_extraccion_de_muestras_de_combustibles_extraccion_de_(9)_muestras_de_combustible,Productos Derivados del Petróleo - ONI - Extracción de Muestras de Combustibles,Extracción de (9) muestras de combustible,6193000,6193000,organismo_oni,unidad_intn_organismo_oni,departamento_muestreo_unidad_intn_organismo_oni,coordinacion_intn_departamento_muestreo_unidad_intn_organismo_oni,laboratorio_intn_coordinacion_intn_departamento_muestreo_unidad_intn_organismo_oni,False,True,Consumible
productos_derivados_del_petroleo_-_oni_-_extraccion_de_muestras_de_combustibles_extraccion_de_(10)_muestras_de_combustible,Productos Derivados del Petróleo - ONI - Extracción de Muestras de Combustibles,Extracción de (10) muestras de combustible,6883000,6883000,organismo_oni,unidad_intn_organismo_oni,departamento_muestreo_unidad_intn_organismo_oni,coordinacion_intn_departamento_muestreo_unidad_intn_organismo_oni,laboratorio_intn_coordinacion_intn_departamento_muestreo_unidad_intn_organismo_oni,False,True,Consumible
productos_derivados_del_petroleo_-_oni_-_extraccion_de_muestras_de_combustibles_extraccion_de_(11)_muestras_de_combustible,Productos Derivados del Petróleo - ONI - Extracción de Muestras de Combustibles,Extracción de (11) muestras de combustible,7572000,7572000,organismo_oni,unidad_intn_organismo_oni,departamento_muestreo_unidad_intn_organismo_oni,coordinacion_intn_departamento_muestreo_unidad_intn_organismo_oni,laboratorio_intn_coordinacion_intn_departamento_muestreo_unidad_intn_organismo_oni,False,True,Consumible
productos_derivados_del_petroleo_-_oni_-_extraccion_de_muestras_de_combustibles_extraccion_de_(12)_muestras_de_combustible,Productos Derivados del Petróleo - ONI - Extracción de Muestras de Combustibles,Extracción de (12) muestras de combustible,8262000,8262000,organismo_oni,unidad_intn_organismo_oni,departamento_muestreo_unidad_intn_organismo_oni,coordinacion_intn_departamento_muestreo_unidad_intn_organismo_oni,laboratorio_intn_coordinacion_intn_departamento_muestreo_unidad_intn_organismo_oni,False,True,Consumible
productos_derivados_del_petroleo_-_oni_-_extraccion_de_muestras_de_combustibles_extraccion_de_(13)_muestras_de_combustible,Productos Derivados del Petróleo - ONI - Extracción de Muestras de Combustibles,Extracción de (13) muestras de combustible,8951000,8951000,organismo_oni,unidad_intn_organismo_oni,departamento_muestreo_unidad_intn_organismo_oni,coordinacion_intn_departamento_muestreo_unidad_intn_organismo_oni,laboratorio_intn_coordinacion_intn_departamento_muestreo_unidad_intn_organismo_oni,False,True,Consumible
productos_derivados_del_petroleo_-_oni_-_extraccion_de_muestras_de_combustibles_extraccion_de_(14)_muestras_de_combustible,Productos Derivados del Petróleo - ONI - Extracción de Muestras de Combustibles,Extracción de (14) muestras de combustible,9641000,9641000,organismo_oni,unidad_intn_organismo_oni,departamento_muestreo_unidad_intn_organismo_oni,coordinacion_intn_departamento_muestreo_unidad_intn_organismo_oni,laboratorio_intn_coordinacion_intn_departamento_muestreo_unidad_intn_organismo_oni,False,True,Consumible
productos_derivados_del_petroleo_-_oni_-_extraccion_de_muestras_de_combustibles_extraccion_de_(15)_muestras_de_combustible,Productos Derivados del Petróleo - ONI - Extracción de Muestras de Combustibles,Extracción de (15) muestras de combustible,10330000,10330000,organismo_oni,unidad_intn_organismo_oni,departamento_muestreo_unidad_intn_organismo_oni,coordinacion_intn_departamento_muestreo_unidad_intn_organismo_oni,laboratorio_intn_coordinacion_intn_departamento_muestreo_unidad_intn_organismo_oni,False,True,Consumible
analisis_en_muestras_de_combustibles_analisis_en_(1)_muestra_de_combustible,Análisis en Muestras de Combustibles,Análisis en (1) muestra de combustible,739000,739000,organismo_oni,unidad_intn_organismo_oni,departamento_muestreo_unidad_intn_organismo_oni,coordinacion_intn_departamento_muestreo_unidad_intn_organismo_oni,laboratorio_intn_coordinacion_intn_departamento_muestreo_unidad_intn_organismo_oni,False,True,Consumible
analisis_en_muestras_de_combustibles_analisis_en_(2)_muestras_de_combustible,Análisis en Muestras de Combustibles,Análisis en (2) muestras de combustible,1366000,1366000,organismo_oni,unidad_intn_organismo_oni,departamento_muestreo_unidad_intn_organismo_oni,coordinacion_intn_departamento_muestreo_unidad_intn_organismo_oni,laboratorio_intn_coordinacion_intn_departamento_muestreo_unidad_intn_organismo_oni,False,True,Consumible
analisis_en_muestras_de_combustibles_analisis_en_(3)_muestras_de_combustible,Análisis en Muestras de Combustibles,Análisis en (3) muestras de combustible,2054000,2054000,organismo_oni,unidad_intn_organismo_oni,departamento_muestreo_unidad_intn_organismo_oni,coordinacion_intn_departamento_muestreo_unidad_intn_organismo_oni,laboratorio_intn_coordinacion_intn_departamento_muestreo_unidad_intn_organismo_oni,False,True,Consumible
analisis_en_muestras_de_combustibles_analisis_en_(4)_muestras_de_combustible,Análisis en Muestras de Combustibles,Análisis en (4) muestras de combustible,2745000,2745000,organismo_oni,unidad_intn_organismo_oni,departamento_muestreo_unidad_intn_organismo_oni,coordinacion_intn_departamento_muestreo_unidad_intn_organismo_oni,laboratorio_intn_coordinacion_intn_departamento_muestreo_unidad_intn_organismo_oni,False,True,Consumible
analisis_en_muestras_de_combustibles_analisis_en_(5)_muestras_de_combustible,Análisis en Muestras de Combustibles,Análisis en (5) muestras de combustible,3434000,3434000,organismo_oni,unidad_intn_organismo_oni,departamento_muestreo_unidad_intn_organismo_oni,coordinacion_intn_departamento_muestreo_unidad_intn_organismo_oni,laboratorio_intn_coordinacion_intn_departamento_muestreo_unidad_intn_organismo_oni,False,True,Consumible
analisis_en_muestras_de_combustibles_analisis_en_(6)_muestras_de_combustible,Análisis en Muestras de Combustibles,Análisis en (6) muestras de combustible,4124000,4124000,organismo_oni,unidad_intn_organismo_oni,departamento_muestreo_unidad_intn_organismo_oni,coordinacion_intn_departamento_muestreo_unidad_intn_organismo_oni,laboratorio_intn_coordinacion_intn_departamento_muestreo_unidad_intn_organismo_oni,False,True,Consumible
analisis_en_muestras_de_combustibles_analisis_en_(7)_muestras_de_combustible,Análisis en Muestras de Combustibles,Análisis en (7) muestras de combustible,4814000,4814000,organismo_oni,unidad_intn_organismo_oni,departamento_muestreo_unidad_intn_organismo_oni,coordinacion_intn_departamento_muestreo_unidad_intn_organismo_oni,laboratorio_intn_coordinacion_intn_departamento_muestreo_unidad_intn_organismo_oni,False,True,Consumible
analisis_en_muestras_de_combustibles_analisis_en_(8)_muestras_de_combustible,Análisis en Muestras de Combustibles,Análisis en (8) muestras de combustible,5504000,5504000,organismo_oni,unidad_intn_organismo_oni,departamento_muestreo_unidad_intn_organismo_oni,coordinacion_intn_departamento_muestreo_unidad_intn_organismo_oni,laboratorio_intn_coordinacion_intn_departamento_muestreo_unidad_intn_organismo_oni,False,True,Consumible
analisis_en_muestras_de_combustibles_analisis_en_(9)_muestras_de_combustible,Análisis en Muestras de Combustibles,Análisis en (9) muestras de combustible,6193000,6193000,organismo_oni,unidad_intn_organismo_oni,departamento_muestreo_unidad_intn_organismo_oni,coordinacion_intn_departamento_muestreo_unidad_intn_organismo_oni,laboratorio_intn_coordinacion_intn_departamento_muestreo_unidad_intn_organismo_oni,False,True,Consumible
analisis_en_muestras_de_combustibles_analisis_en_(10)_muestras_de_combustible,Análisis en Muestras de Combustibles,Análisis en (10) muestras de combustible,6883000,6883000,organismo_oni,unidad_intn_organismo_oni,departamento_muestreo_unidad_intn_organismo_oni,coordinacion_intn_departamento_muestreo_unidad_intn_organismo_oni,laboratorio_intn_coordinacion_intn_departamento_muestreo_unidad_intn_organismo_oni,False,True,Consumible
analisis_en_muestras_de_combustibles_analisis_en_(11)_muestras_de_combustible,Análisis en Muestras de Combustibles,Análisis en (11) muestras de combustible,7572000,7572000,organismo_oni,unidad_intn_organismo_oni,departamento_muestreo_unidad_intn_organismo_oni,coordinacion_intn_departamento_muestreo_unidad_intn_organismo_oni,laboratorio_intn_coordinacion_intn_departamento_muestreo_unidad_intn_organismo_oni,False,True,Consumible
analisis_en_muestras_de_combustibles_analisis_en_(12)_muestras_de_combustible,Análisis en Muestras de Combustibles,Análisis en (12) muestras de combustible,8262000,8262000,organismo_oni,unidad_intn_organismo_oni,departamento_muestreo_unidad_intn_organismo_oni,coordinacion_intn_departamento_muestreo_unidad_intn_organismo_oni,laboratorio_intn_coordinacion_intn_departamento_muestreo_unidad_intn_organismo_oni,False,True,Consumible
analisis_en_muestras_de_combustibles_analisis_en_(13)_muestras_de_combustible,Análisis en Muestras de Combustibles,Análisis en (13) muestras de combustible,8951000,8951000,organismo_oni,unidad_intn_organismo_oni,departamento_muestreo_unidad_intn_organismo_oni,coordinacion_intn_departamento_muestreo_unidad_intn_organismo_oni,laboratorio_intn_coordinacion_intn_departamento_muestreo_unidad_intn_organismo_oni,False,True,Consumible
analisis_en_muestras_de_combustibles_analisis_en_(14)_muestras_de_combustible,Análisis en Muestras de Combustibles,Análisis en (14) muestras de combustible,9641000,9641000,organismo_oni,unidad_intn_organismo_oni,departamento_muestreo_unidad_intn_organismo_oni,coordinacion_intn_departamento_muestreo_unidad_intn_organismo_oni,laboratorio_intn_coordinacion_intn_departamento_muestreo_unidad_intn_organismo_oni,False,True,Consumible
analisis_en_muestras_de_combustibles_analisis_en_(15)_muestras_de_combustible,Análisis en Muestras de Combustibles,Análisis en (15) muestras de combustible,10330000,10330000,organismo_oni,unidad_intn_organismo_oni,departamento_muestreo_unidad_intn_organismo_oni,coordinacion_intn_departamento_muestreo_unidad_intn_organismo_oni,laboratorio_intn_coordinacion_intn_departamento_muestreo_unidad_intn_organismo_oni,False,True,Consumible
gastos_de_viaticos_p/extraccion_muestra_combustibles_en_base_a_dos_tecnicos_muestreadores_gastos_de_viaticos_a_cde,Gastos de Viáticos p/extracción muestra combustibles en base a dos técnicos muestreadores,Gastos de viáticos a CDE,1389300,1389300,organismo_oni,unidad_intn_organismo_oni,departamento_muestreo_unidad_intn_organismo_oni,coordinacion_intn_departamento_muestreo_unidad_intn_organismo_oni,laboratorio_intn_coordinacion_intn_departamento_muestreo_unidad_intn_organismo_oni,False,True,Consumible
gastos_de_viaticos_p/extraccion_muestra_combustibles_en_base_a_dos_tecnicos_muestreadores_gastos_de_viaticos_a_minga_guazu,Gastos de Viáticos p/extracción muestra combustibles en base a dos técnicos muestreadores,Gastos de viáticos a Minga Guazú,1389300,1389300,organismo_oni,unidad_intn_organismo_oni,departamento_muestreo_unidad_intn_organismo_oni,coordinacion_intn_departamento_muestreo_unidad_intn_organismo_oni,laboratorio_intn_coordinacion_intn_departamento_muestreo_unidad_intn_organismo_oni,False,True,Consumible
gastos_de_viaticos_p/extraccion_muestra_combustibles_en_base_a_dos_tecnicos_muestreadores_gastos_de_viaticos_a_salto_del_guaira,Gastos de Viáticos p/extracción muestra combustibles en base a dos técnicos muestreadores,Gastos de viáticos a Salto del Guairá,1121100,1121100,organismo_oni,unidad_intn_organismo_oni,departamento_muestreo_unidad_intn_organismo_oni,coordinacion_intn_departamento_muestreo_unidad_intn_organismo_oni,laboratorio_intn_coordinacion_intn_departamento_muestreo_unidad_intn_organismo_oni,False,True,Consumible
gastos_de_viaticos_p/extraccion_muestra_combustibles_en_base_a_dos_tecnicos_muestreadores_gastos_de_viaticos_a_encarnacion,Gastos de Viáticos p/extracción muestra combustibles en base a dos técnicos muestreadores,Gastos de viáticos a Encarnación,1389300,1389300,organismo_oni,unidad_intn_organismo_oni,departamento_muestreo_unidad_intn_organismo_oni,coordinacion_intn_departamento_muestreo_unidad_intn_organismo_oni,laboratorio_intn_coordinacion_intn_departamento_muestreo_unidad_intn_organismo_oni,False,True,Consumible
gastos_de_viaticos_p/extraccion_muestra_combustibles_en_base_a_dos_tecnicos_muestreadores_gastos_de_viaticos_a_dpto._itapua,Gastos de Viáticos p/extracción muestra combustibles en base a dos técnicos muestreadores,Gastos de viáticos a Dpto. Itapúa,1389300,1389300,organismo_oni,unidad_intn_organismo_oni,departamento_muestreo_unidad_intn_organismo_oni,coordinacion_intn_departamento_muestreo_unidad_intn_organismo_oni,laboratorio_intn_coordinacion_intn_departamento_muestreo_unidad_intn_organismo_oni,False,True,Consumible
gastos_de_viaticos_p/extraccion_muestra_combustibles_en_base_a_dos_tecnicos_muestreadores_gastos_de_viaticos_a_dpto._alto_parana,Gastos de Viáticos p/extracción muestra combustibles en base a dos técnicos muestreadores,Gastos de viáticos a Dpto. Alto Paraná,1389300,1389300,organismo_oni,unidad_intn_organismo_oni,departamento_muestreo_unidad_intn_organismo_oni,coordinacion_intn_departamento_muestreo_unidad_intn_organismo_oni,laboratorio_intn_coordinacion_intn_departamento_muestreo_unidad_intn_organismo_oni,False,True,Consumible
gastos_de_viaticos_p/extraccion_muestra_combustibles_en_base_a_dos_tecnicos_muestreadores_gastos_de_viaticos_a_pte._franco_-_dpto._alto_parana,Gastos de Viáticos p/extracción muestra combustibles en base a dos técnicos muestreadores,Gastos de viáticos a Pte. Franco - Dpto. Alto Paraná,1389300,1389300,organismo_oni,unidad_intn_organismo_oni,departamento_muestreo_unidad_intn_organismo_oni,coordinacion_intn_departamento_muestreo_unidad_intn_organismo_oni,laboratorio_intn_coordinacion_intn_departamento_muestreo_unidad_intn_organismo_oni,False,True,Consumible
gastos_de_viaticos_p/extraccion_muestra_combustibles_en_base_a_dos_tecnicos_muestreadores_gastos_de_viaticos_a_-_dpto._concepcion,Gastos de Viáticos p/extracción muestra combustibles en base a dos técnicos muestreadores,Gastos de viáticos a - Dpto. Concepción,1096800,1096800,organismo_oni,unidad_intn_organismo_oni,departamento_muestreo_unidad_intn_organismo_oni,coordinacion_intn_departamento_muestreo_unidad_intn_organismo_oni,laboratorio_intn_coordinacion_intn_departamento_muestreo_unidad_intn_organismo_oni,False,True,Consumible
gastos_de_viaticos_p/extraccion_muestra_combustibles_en_base_a_dos_tecnicos_muestreadores_gastos_de_viaticos_a_ayolas_-_dpto.misiones,Gastos de Viáticos p/extracción muestra combustibles en base a dos técnicos muestreadores,Gastos de viáticos a Ayolas - Dpto.Misiones,926100,926100,organismo_oni,unidad_intn_organismo_oni,departamento_muestreo_unidad_intn_organismo_oni,coordinacion_intn_departamento_muestreo_unidad_intn_organismo_oni,laboratorio_intn_coordinacion_intn_departamento_muestreo_unidad_intn_organismo_oni,False,True,Consumible
gastos_de_viaticos_p/extraccion_muestra_combustibles_en_base_a_dos_tecnicos_muestreadores_gastos_de_viaticos_a_pte._franco_-_dpto._alto_parana,Gastos de Viáticos p/extracción muestra combustibles en base a dos técnicos muestreadores,Gastos de viáticos a Pte. Franco - Dpto. Alto Paraná,1389300,1389300,organismo_oni,unidad_intn_organismo_oni,departamento_muestreo_unidad_intn_organismo_oni,coordinacion_intn_departamento_muestreo_unidad_intn_organismo_oni,laboratorio_intn_coordinacion_intn_departamento_muestreo_unidad_intn_organismo_oni,False,True,Consumible
gastos_de_traslado_p/extraccion_muestra_combustibles_gastos_de_traslado_a_cde,Gastos de traslado p/extracción muestra combustibles,Gastos de traslado a CDE,752000,752000,organismo_oni,unidad_intn_organismo_oni,departamento_muestreo_unidad_intn_organismo_oni,coordinacion_intn_departamento_muestreo_unidad_intn_organismo_oni,laboratorio_intn_coordinacion_intn_departamento_muestreo_unidad_intn_organismo_oni,False,True,Consumible
gastos_de_traslado_p/extraccion_muestra_combustibles_gastos_de_traslado_a_minga_guazu,Gastos de traslado p/extracción muestra combustibles,Gastos de traslado a Minga Guazú,731000,731000,organismo_oni,unidad_intn_organismo_oni,departamento_muestreo_unidad_intn_organismo_oni,coordinacion_intn_departamento_muestreo_unidad_intn_organismo_oni,laboratorio_intn_coordinacion_intn_departamento_muestreo_unidad_intn_organismo_oni,False,True,Consumible
gastos_de_traslado_p/extraccion_muestra_combustibles_gastos_de_tralado_a_salto_del_guaira,Gastos de traslado p/extracción muestra combustibles,Gastos de tralado a Salto del Guairá,953000,953000,organismo_oni,unidad_intn_organismo_oni,departamento_muestreo_unidad_intn_organismo_oni,coordinacion_intn_departamento_muestreo_unidad_intn_organismo_oni,laboratorio_intn_coordinacion_intn_departamento_muestreo_unidad_intn_organismo_oni,False,True,Consumible
gastos_de_traslado_p/extraccion_muestra_combustibles_gastos_de_traslado_a_encarnacion,Gastos de traslado p/extracción muestra combustibles,Gastos de traslado a Encarnación,845000,845000,organismo_oni,unidad_intn_organismo_oni,departamento_muestreo_unidad_intn_organismo_oni,coordinacion_intn_departamento_muestreo_unidad_intn_organismo_oni,laboratorio_intn_coordinacion_intn_departamento_muestreo_unidad_intn_organismo_oni,False,True,Consumible
gastos_de_traslado_p/extraccion_muestra_combustibles_gastos_de_traslado_a_dpto._itapua,Gastos de traslado p/extracción muestra combustibles,Gastos de traslado a Dpto. Itapúa,845000,845000,organismo_oni,unidad_intn_organismo_oni,departamento_muestreo_unidad_intn_organismo_oni,coordinacion_intn_departamento_muestreo_unidad_intn_organismo_oni,laboratorio_intn_coordinacion_intn_departamento_muestreo_unidad_intn_organismo_oni,False,True,Consumible
gastos_de_traslado_p/extraccion_muestra_combustibles_gastos_de_traslado_a_dpto._alto_parana,Gastos de traslado p/extracción muestra combustibles,Gastos de traslado a Dpto. Alto Paraná,752000,752000,organismo_oni,unidad_intn_organismo_oni,departamento_muestreo_unidad_intn_organismo_oni,coordinacion_intn_departamento_muestreo_unidad_intn_organismo_oni,laboratorio_intn_coordinacion_intn_departamento_muestreo_unidad_intn_organismo_oni,False,True,Consumible
gastos_de_traslado_p/extraccion_muestra_combustibles_gastos_de_traslado_a_pte._franco_-_dpto._alto_parana,Gastos de traslado p/extracción muestra combustibles,Gastos de traslado a Pte. Franco - Dpto. Alto Paraná,773000,773000,organismo_oni,unidad_intn_organismo_oni,departamento_muestreo_unidad_intn_organismo_oni,coordinacion_intn_departamento_muestreo_unidad_intn_organismo_oni,laboratorio_intn_coordinacion_intn_departamento_muestreo_unidad_intn_organismo_oni,False,True,Consumible
gastos_de_traslado_p/extraccion_muestra_combustibles_gastos_de_traslado_a_dpto._concepcion,Gastos de traslado p/extracción muestra combustibles,Gastos de traslado a Dpto. Concepción,955000,955000,organismo_oni,unidad_intn_organismo_oni,departamento_muestreo_unidad_intn_organismo_oni,coordinacion_intn_departamento_muestreo_unidad_intn_organismo_oni,laboratorio_intn_coordinacion_intn_departamento_muestreo_unidad_intn_organismo_oni,False,True,Consumible
gastos_de_traslado_p/extraccion_muestra_combustibles_gasto_de_traslado_(san_antonio)_(chaco´i),Gastos de traslado p/extracción muestra combustibles,Gasto de traslado (San Antonio) (Chaco´i),100000,100000,organismo_oni,unidad_intn_organismo_oni,departamento_muestreo_unidad_intn_organismo_oni,coordinacion_intn_departamento_muestreo_unidad_intn_organismo_oni,laboratorio_intn_coordinacion_intn_departamento_muestreo_unidad_intn_organismo_oni,False,True,Consumible
gastos_de_traslado_p/extraccion_muestra_combustibles_gastos_de_traslado_a_ayolas_-_dpto._misiones,Gastos de traslado p/extracción muestra combustibles,Gastos de traslado a Ayolas - Dpto. Misiones,719000,719000,organismo_oni,unidad_intn_organismo_oni,departamento_muestreo_unidad_intn_organismo_oni,coordinacion_intn_departamento_muestreo_unidad_intn_organismo_oni,laboratorio_intn_coordinacion_intn_departamento_muestreo_unidad_intn_organismo_oni,False,True,Consumible
gastos_de_traslado_p/extraccion_muestra_combustibles_gastos,Gastos de traslado p/extracción muestra combustibles,Gastos,100000,100000,organismo_oni,unidad_intn_organismo_oni,departamento_muestreo_unidad_intn_organismo_oni,coordinacion_intn_departamento_muestreo_unidad_intn_organismo_oni,laboratorio_intn_coordinacion_intn_departamento_muestreo_unidad_intn_organismo_oni,False,True,Consumible
barcaza_extraccion_muestras_de_combustibles_transportados_en_barcazas,Barcaza,Extracción Muestras de Combustibles Transportados en Barcazas,2800,2800,organismo_oni,unidad_muestreo_organismo_oni,departamento_muestreo_unidad_muestreo_organismo_oni,coordinacion_intn_departamento_muestreo_unidad_muestreo_organismo_oni,laboratorio_intn_coordinacion_intn_departamento_muestreo_unidad_muestreo_organismo_oni,False,True,Consumible
barcaza_analisis_en_muestras_de_combustibles_transportados_en_barcazas,Barcaza,Análisis en Muestras de Combustibles Transportados en Barcazas,2800,2800,organismo_oni,unidad_muestreo_organismo_oni,departamento_muestreo_unidad_muestreo_organismo_oni,coordinacion_intn_departamento_muestreo_unidad_muestreo_organismo_oni,laboratorio_intn_coordinacion_intn_departamento_muestreo_unidad_muestreo_organismo_oni,False,True,Consumible
barcaza_extraccion_muestras_de_combustibles_transportados_en_barcazas_-_petropar_convenio_junio_2018,Barcaza,Extracción Muestras de Combustibles Transportados en Barcazas - PETROPAR_Convenio_Junio_2018,1150000,1150000,organismo_oni,unidad_muestreo_organismo_oni,departamento_muestreo_unidad_muestreo_organismo_oni,coordinacion_intn_departamento_muestreo_unidad_muestreo_organismo_oni,laboratorio_intn_coordinacion_intn_departamento_muestreo_unidad_muestreo_organismo_oni,False,True,Consumible
barcaza_analisis_en_muestras_de_combustibles_transportados_en_barcazas_-_petropar_convenio_junio_2018,Barcaza,Análisis en Muestras de Combustibles Transportados en Barcazas - PETROPAR_Convenio_Junio_2018,1150000,1150000,organismo_oni,unidad_muestreo_organismo_oni,departamento_muestreo_unidad_muestreo_organismo_oni,coordinacion_intn_departamento_muestreo_unidad_muestreo_organismo_oni,laboratorio_intn_coordinacion_intn_departamento_muestreo_unidad_muestreo_organismo_oni,False,True,Consumible
extraccion_de_muestras_de_fuel_oil_extraccion_de_(1)_muestra_de_fuel_oil,Extracción de Muestras de Fuel Oil,Extracción de (1) muestra de Fuel Oil,739000,739000,organismo_oni,unidad_muestreo_organismo_oni,departamento_muestreo_unidad_muestreo_organismo_oni,coordinacion_intn_departamento_muestreo_unidad_muestreo_organismo_oni,laboratorio_intn_coordinacion_intn_departamento_muestreo_unidad_muestreo_organismo_oni,False,True,Consumible
extraccion_de_muestras_de_fuel_oil_extraccion_de_(2)_muestras_de_fuel_oil,Extracción de Muestras de Fuel Oil,Extracción de (2) muestras de Fuel Oil,1461000,1461000,organismo_oni,unidad_muestreo_organismo_oni,departamento_muestreo_unidad_muestreo_organismo_oni,coordinacion_intn_departamento_muestreo_unidad_muestreo_organismo_oni,laboratorio_intn_coordinacion_intn_departamento_muestreo_unidad_muestreo_organismo_oni,False,True,Consumible
extraccion_de_muestras_de_fuel_oil_extraccion_de_(3)_muestras_de_fuel_oil,Extracción de Muestras de Fuel Oil,Extracción de (3) muestras de Fuel Oil,2200000,2200000,organismo_oni,unidad_muestreo_organismo_oni,departamento_muestreo_unidad_muestreo_organismo_oni,coordinacion_intn_departamento_muestreo_unidad_muestreo_organismo_oni,laboratorio_intn_coordinacion_intn_departamento_muestreo_unidad_muestreo_organismo_oni,False,True,Consumible
extraccion_de_muestras_de_fuel_oil_extraccion_de_(4)_muestras_de_fuel_oil,Extracción de Muestras de Fuel Oil,Extracción de (4) muestras de Fuel Oil,2937000,2937000,organismo_oni,unidad_muestreo_organismo_oni,departamento_muestreo_unidad_muestreo_organismo_oni,coordinacion_intn_departamento_muestreo_unidad_muestreo_organismo_oni,laboratorio_intn_coordinacion_intn_departamento_muestreo_unidad_muestreo_organismo_oni,False,True,Consumible
extraccion_de_muestras_de_fuel_oil_extraccion_de_(5)_muestras_de_fuel_oil,Extracción de Muestras de Fuel Oil,Extracción de (5) muestras de Fuel Oil,3674000,3674000,organismo_oni,unidad_muestreo_organismo_oni,departamento_muestreo_unidad_muestreo_organismo_oni,coordinacion_intn_departamento_muestreo_unidad_muestreo_organismo_oni,laboratorio_intn_coordinacion_intn_departamento_muestreo_unidad_muestreo_organismo_oni,False,True,Consumible
extraccion_de_muestras_de_fuel_oil_extraccion_de_(6)_muestras_de_fuel_oil,Extracción de Muestras de Fuel Oil,Extracción de (6) muestras de Fuel Oil,4413000,4413000,organismo_oni,unidad_muestreo_organismo_oni,departamento_muestreo_unidad_muestreo_organismo_oni,coordinacion_intn_departamento_muestreo_unidad_muestreo_organismo_oni,laboratorio_intn_coordinacion_intn_departamento_muestreo_unidad_muestreo_organismo_oni,False,True,Consumible
extraccion_de_muestras_de_fuel_oil_extraccion_de_(7)_muestras_de_fuel_oil,Extracción de Muestras de Fuel Oil,Extracción de (7) muestras de Fuel Oil,5150000,5150000,organismo_oni,unidad_muestreo_organismo_oni,departamento_muestreo_unidad_muestreo_organismo_oni,coordinacion_intn_departamento_muestreo_unidad_muestreo_organismo_oni,laboratorio_intn_coordinacion_intn_departamento_muestreo_unidad_muestreo_organismo_oni,False,True,Consumible
extraccion_de_muestras_de_fuel_oil_extraccion_de_(8)_muestras_de_fuel_oil,Extracción de Muestras de Fuel Oil,Extracción de (8) muestras de Fuel Oil,5887000,5887000,organismo_oni,unidad_muestreo_organismo_oni,departamento_muestreo_unidad_muestreo_organismo_oni,coordinacion_intn_departamento_muestreo_unidad_muestreo_organismo_oni,laboratorio_intn_coordinacion_intn_departamento_muestreo_unidad_muestreo_organismo_oni,False,True,Consumible
extraccion_de_muestras_de_fuel_oil_extraccion_de_(9)_muestras_de_fuel_oil,Extracción de Muestras de Fuel Oil,Extracción de (9) muestras de Fuel Oil,6626000,6626000,organismo_oni,unidad_muestreo_organismo_oni,departamento_muestreo_unidad_muestreo_organismo_oni,coordinacion_intn_departamento_muestreo_unidad_muestreo_organismo_oni,laboratorio_intn_coordinacion_intn_departamento_muestreo_unidad_muestreo_organismo_oni,False,True,Consumible
extraccion_de_muestras_de_fuel_oil_extraccion_de_(10)_muestras_de_fuel_oil,Extracción de Muestras de Fuel Oil,Extracción de (10) muestras de Fuel Oil,7363000,7363000,organismo_oni,unidad_muestreo_organismo_oni,departamento_muestreo_unidad_muestreo_organismo_oni,coordinacion_intn_departamento_muestreo_unidad_muestreo_organismo_oni,laboratorio_intn_coordinacion_intn_departamento_muestreo_unidad_muestreo_organismo_oni,False,True,Consumible
extraccion_de_muestras_de_fuel_oil_extraccion_de_(11)_muestras_de_fuel_oil,Extracción de Muestras de Fuel Oil,Extracción de (11) muestras de Fuel Oil,8100000,8100000,organismo_oni,unidad_muestreo_organismo_oni,departamento_muestreo_unidad_muestreo_organismo_oni,coordinacion_intn_departamento_muestreo_unidad_muestreo_organismo_oni,laboratorio_intn_coordinacion_intn_departamento_muestreo_unidad_muestreo_organismo_oni,False,True,Consumible
extraccion_de_muestras_de_fuel_oil_extraccion_de_(12)_muestras_de_fuel_oil,Extracción de Muestras de Fuel Oil,Extracción de (12) muestras de Fuel Oil,8837000,8837000,organismo_oni,unidad_muestreo_organismo_oni,departamento_muestreo_unidad_muestreo_organismo_oni,coordinacion_intn_departamento_muestreo_unidad_muestreo_organismo_oni,laboratorio_intn_coordinacion_intn_departamento_muestreo_unidad_muestreo_organismo_oni,False,True,Consumible
analisis_en_muestras_de_fuel_oil_analisis_en_(1)_muestra_de_fuel_oil,Análisis en Muestras de Fuel Oil,Análisis en (1) muestra de Fuel Oil,739000,739000,organismo_oni,unidad_muestreo_organismo_oni,departamento_muestreo_unidad_muestreo_organismo_oni,coordinacion_intn_departamento_muestreo_unidad_muestreo_organismo_oni,laboratorio_intn_coordinacion_intn_departamento_muestreo_unidad_muestreo_organismo_oni,False,True,Consumible
analisis_en_muestras_de_fuel_oil_analisis_en_(2)_muestras_de_fuel_oil,Análisis en Muestras de Fuel Oil,Análisis en (2) muestras de Fuel Oil,1461000,1461000,organismo_oni,unidad_muestreo_organismo_oni,departamento_muestreo_unidad_muestreo_organismo_oni,coordinacion_intn_departamento_muestreo_unidad_muestreo_organismo_oni,laboratorio_intn_coordinacion_intn_departamento_muestreo_unidad_muestreo_organismo_oni,False,True,Consumible
analisis_en_muestras_de_fuel_oil_analisis_en_(3)_muestras_de_fuel_oil,Análisis en Muestras de Fuel Oil,Análisis en (3) muestras de Fuel Oil,2200000,2200000,organismo_oni,unidad_muestreo_organismo_oni,departamento_muestreo_unidad_muestreo_organismo_oni,coordinacion_intn_departamento_muestreo_unidad_muestreo_organismo_oni,laboratorio_intn_coordinacion_intn_departamento_muestreo_unidad_muestreo_organismo_oni,False,True,Consumible
analisis_en_muestras_de_fuel_oil_analisis_en_(4)_muestras_de_fuel_oil,Análisis en Muestras de Fuel Oil,Análisis en (4) muestras de Fuel Oil,2937000,2937000,organismo_oni,unidad_muestreo_organismo_oni,departamento_muestreo_unidad_muestreo_organismo_oni,coordinacion_intn_departamento_muestreo_unidad_muestreo_organismo_oni,laboratorio_intn_coordinacion_intn_departamento_muestreo_unidad_muestreo_organismo_oni,False,True,Consumible
analisis_en_muestras_de_fuel_oil_analisis_en_(5)_muestras_de_fuel_oil,Análisis en Muestras de Fuel Oil,Análisis en (5) muestras de Fuel Oil,3674000,3674000,organismo_oni,unidad_muestreo_organismo_oni,departamento_muestreo_unidad_muestreo_organismo_oni,coordinacion_intn_departamento_muestreo_unidad_muestreo_organismo_oni,laboratorio_intn_coordinacion_intn_departamento_muestreo_unidad_muestreo_organismo_oni,False,True,Consumible
analisis_en_muestras_de_fuel_oil_analisis_en_(6)_muestras_de_fuel_oil,Análisis en Muestras de Fuel Oil,Análisis en (6) muestras de Fuel Oil,4413000,4413000,organismo_oni,unidad_muestreo_organismo_oni,departamento_muestreo_unidad_muestreo_organismo_oni,coordinacion_intn_departamento_muestreo_unidad_muestreo_organismo_oni,laboratorio_intn_coordinacion_intn_departamento_muestreo_unidad_muestreo_organismo_oni,False,True,Consumible
analisis_en_muestras_de_fuel_oil_analisis_en_(7)_muestras_de_fuel_oil,Análisis en Muestras de Fuel Oil,Análisis en (7) muestras de Fuel Oil,5150000,5150000,organismo_oni,unidad_muestreo_organismo_oni,departamento_muestreo_unidad_muestreo_organismo_oni,coordinacion_intn_departamento_muestreo_unidad_muestreo_organismo_oni,laboratorio_intn_coordinacion_intn_departamento_muestreo_unidad_muestreo_organismo_oni,False,True,Consumible
analisis_en_muestras_de_fuel_oil_analisis_en_(8)_muestras_de_fuel_oil,Análisis en Muestras de Fuel Oil,Análisis en (8) muestras de Fuel Oil,5887000,5887000,organismo_oni,unidad_muestreo_organismo_oni,departamento_muestreo_unidad_muestreo_organismo_oni,coordinacion_intn_departamento_muestreo_unidad_muestreo_organismo_oni,laboratorio_intn_coordinacion_intn_departamento_muestreo_unidad_muestreo_organismo_oni,False,True,Consumible
analisis_en_muestras_de_fuel_oil_analisis_en_(9)_muestras_de_fuel_oil,Análisis en Muestras de Fuel Oil,Análisis en (9) muestras de Fuel Oil,6626000,6626000,organismo_oni,unidad_muestreo_organismo_oni,departamento_muestreo_unidad_muestreo_organismo_oni,coordinacion_intn_departamento_muestreo_unidad_muestreo_organismo_oni,laboratorio_intn_coordinacion_intn_departamento_muestreo_unidad_muestreo_organismo_oni,False,True,Consumible
analisis_en_muestras_de_fuel_oil_analisis_en_(10)_muestras_de_fuel_oil,Análisis en Muestras de Fuel Oil,Análisis en (10) muestras de Fuel Oil,7363000,7363000,organismo_oni,unidad_muestreo_organismo_oni,departamento_muestreo_unidad_muestreo_organismo_oni,coordinacion_intn_departamento_muestreo_unidad_muestreo_organismo_oni,laboratorio_intn_coordinacion_intn_departamento_muestreo_unidad_muestreo_organismo_oni,False,True,Consumible
analisis_en_muestras_de_fuel_oil_extraccion_de_(11)_muestras_de_fuel_oil,Análisis en Muestras de Fuel Oil,Extracción de (11) muestras de Fuel Oil,8100000,8100000,organismo_oni,unidad_muestreo_organismo_oni,departamento_muestreo_unidad_muestreo_organismo_oni,coordinacion_intn_departamento_muestreo_unidad_muestreo_organismo_oni,laboratorio_intn_coordinacion_intn_departamento_muestreo_unidad_muestreo_organismo_oni,False,True,Consumible
analisis_en_muestras_de_fuel_oil_extraccion_de_(12)_muestras_de_fuel_oil,Análisis en Muestras de Fuel Oil,Extracción de (12) muestras de Fuel Oil,8837000,8837000,organismo_oni,unidad_muestreo_organismo_oni,departamento_muestreo_unidad_muestreo_organismo_oni,coordinacion_intn_departamento_muestreo_unidad_muestreo_organismo_oni,laboratorio_intn_coordinacion_intn_departamento_muestreo_unidad_muestreo_organismo_oni,False,True,Consumible
extraccion_y_analisis_en_biocombustibles_-_oni_extraccion_de_muestras_por_camion,Extracción y Análisis en Biocombustibles - ONI,Extracción de muestras por camión,739000,739000,organismo_oni,unidad_muestreo_organismo_oni,departamento_muestreo_unidad_muestreo_organismo_oni,coordinacion_intn_departamento_muestreo_unidad_muestreo_organismo_oni,laboratorio_intn_coordinacion_intn_departamento_muestreo_unidad_muestreo_organismo_oni,False,True,Consumible
analisis_en_muestras_por_camion_analisis_en_muestra_de_biocombustibles_por_camion,Análisis en muestras por camión,Análisis en muestra de Biocombustibles por camión,739000,739000,organismo_oni,unidad_muestreo_organismo_oni,departamento_muestreo_unidad_muestreo_organismo_oni,coordinacion_intn_departamento_muestreo_unidad_muestreo_organismo_oni,laboratorio_intn_coordinacion_intn_departamento_muestreo_unidad_muestreo_organismo_oni,False,True,Consumible
extraccion_de_muestra_en_planta_por_(1)_una_muestra_extraccion_en_muestra_de_biodiesel_en_planta_por_(1)_muestra-_hasta_50_km_de_asuncion,Extracción de muestra en planta por (1) una muestra,Extracción en muestra de Biodiesel en Planta por (1) muestra- hasta 50 km de Asunción,0,0,organismo_oni,unidad_muestreo_organismo_oni,departamento_muestreo_unidad_muestreo_organismo_oni,coordinacion_intn_departamento_muestreo_unidad_muestreo_organismo_oni,laboratorio_intn_coordinacion_intn_departamento_muestreo_unidad_muestreo_organismo_oni,False,True,Consumible
analisis_en_muestra_en_planta_por_(1)_una_muestra_analisis_en_muestra_de_biodiesel_en_planta_por_(1)_muestra-_hasta_50_km_de_asuncion,Análisis en muestra en planta por (1) una muestra,Análisis en muestra de Biodiesel en Planta por (1) muestra- hasta 50 km de Asunción,0,0,organismo_oni,unidad_muestreo_organismo_oni,departamento_muestreo_unidad_muestreo_organismo_oni,coordinacion_intn_departamento_muestreo_unidad_muestreo_organismo_oni,laboratorio_intn_coordinacion_intn_departamento_muestreo_unidad_muestreo_organismo_oni,False,True,Consumible
extraccion_y_analisis_alcohol_etilico_extraccion_-_alcohol_etilico,Extracción y Análisis Alcohol Etílico,Extracción - Alcohol Etílico,591000,591000,organismo_oni,unidad_muestreo_organismo_oni,departamento_muestreo_unidad_muestreo_organismo_oni,coordinacion_intn_departamento_muestreo_unidad_muestreo_organismo_oni,laboratorio_intn_coordinacion_intn_departamento_muestreo_unidad_muestreo_organismo_oni,False,True,Consumible
analisis_-_alcohol_etilico_analisis_-_alcohol_etilico,Análisis - Alcohol Etílico,Análisis - Alcohol Etílico,1213000,1213000,organismo_oni,unidad_muestreo_organismo_oni,departamento_muestreo_unidad_muestreo_organismo_oni,coordinacion_intn_departamento_muestreo_unidad_muestreo_organismo_oni,laboratorio_intn_coordinacion_intn_departamento_muestreo_unidad_muestreo_organismo_oni,False,True,Consumible
