id,name,unidad_id/id
departamento_dcpr_unidad_intn_organismo_onc,DCPR - Departamento de Certificaci√≥n de Productos,unidad_intn_organismo_onc
departamento_dcpr_unidad_intn_organismo_onc,Dpto. de Certificacion de Productos - DCPR,unidad_intn_organismo_onc
departamento_dcpr_unidad_intn_organismo_onc,Dpto. de Certificacion de Productos - DCPR,unidad_intn_organismo_onc
departamento_dcpr_unidad_intn_organismo_onc,Dpto. de Certificacion de Productos - DCPR,unidad_intn_organismo_onc
departamento_dcpr_unidad_intn_organismo_onc,Dpto. de Certificacion de Productos - DCPR,unidad_intn_organismo_onc
departamento_dcpr_unidad_intn_organismo_onc,Dpto. de Certificacion de Productos - DCPR,unidad_intn_organismo_onc
departamento_dcpr_unidad_intn_organismo_onc,Dpto. de Certificacion de Productos - DCPR,unidad_intn_organismo_onc
departamento_dcpr_unidad_intn_organismo_onc,Dpto. de Certificacion de Productos - DCPR,unidad_intn_organismo_onc
departamento_dcpr_unidad_intn_organismo_onc,Dpto. de Certificacion de Productos - DCPR,unidad_intn_organismo_onc
departamento_dcpr_unidad_intn_organismo_onc,Dpto. de Certificacion de Productos - DCPR,unidad_intn_organismo_onc
departamento_dcpr_unidad_intn_organismo_onc,Dpto. de Certificacion de Productos - DCPR,unidad_intn_organismo_onc
departamento_dcpr_unidad_intn_organismo_onc,Dpto. de Certificacion de Productos - DCPR,unidad_intn_organismo_onc
departamento_dcpr_unidad_intn_organismo_onc,Dpto. de Certificacion de Productos - DCPR,unidad_intn_organismo_onc
departamento_dcpr_unidad_intn_organismo_onc,Dpto. de Certificacion de Productos - DCPR,unidad_intn_organismo_onc
departamento_dcpr_unidad_intn_organismo_onc,Dpto. de Certificacion de Productos - DCPR,unidad_intn_organismo_onc
departamento_dcpr_unidad_intn_organismo_onc,Dpto. de Certificacion de Productos - DCPR,unidad_intn_organismo_onc
departamento_dcpr_unidad_intn_organismo_onc,Dpto. de Certificacion de Productos - DCPR,unidad_intn_organismo_onc
departamento_dcpr_unidad_intn_organismo_onc,Dpto. de Certificacion de Productos - DCPR,unidad_intn_organismo_onc
departamento_dcpr_unidad_intn_organismo_onc,Dpto. de Certificacion de Productos - DCPR,unidad_intn_organismo_onc
departamento_dcpr_unidad_intn_organismo_onc,Dpto. de Certificacion de Productos - DCPR,unidad_intn_organismo_onc
departamento_dcpr_unidad_intn_organismo_onc,Dpto. de Certificacion de Productos - DCPR,unidad_intn_organismo_onc
departamento_dcpr_unidad_intn_organismo_onc,Dpto. de Certificacion de Productos - DCPR,unidad_intn_organismo_onc
departamento_dcpr_unidad_intn_organismo_onc,Dpto. de Certificacion de Productos - DCPR,unidad_intn_organismo_onc
departamento_dcpr_unidad_intn_organismo_onc,Dpto. de Certificacion de Productos - DCPR,unidad_intn_organismo_onc
departamento_dcpr_unidad_intn_organismo_onc,Dpto. de Certificacion de Productos - DCPR,unidad_intn_organismo_onc
departamento_dcpr_unidad_intn_organismo_onc,Dpto. de Certificacion de Productos - DCPR,unidad_intn_organismo_onc
departamento_dcpr_unidad_intn_organismo_onc,Dpto. de Certificacion de Productos - DCPR,unidad_intn_organismo_onc
departamento_dcpr_unidad_intn_organismo_onc,Dpto. de Certificacion de Productos - DCPR,unidad_intn_organismo_onc
departamento_dcpr_unidad_intn_organismo_onc,Dpto. de Certificacion de Productos - DCPR,unidad_intn_organismo_onc
departamento_dcpr_unidad_intn_organismo_onc,Dpto. de Certificacion de Productos - DCPR,unidad_intn_organismo_onc
departamento_dcpr_unidad_intn_organismo_onc,Dpto. de Certificacion de Productos - DCPR,unidad_intn_organismo_onc
departamento_dcpr_unidad_intn_organismo_onc,Dpto. de Certificacion de Productos - DCPR,unidad_intn_organismo_onc
departamento_dcpr_unidad_intn_organismo_onc,Dpto. de Certificacion de Productos - DCPR,unidad_intn_organismo_onc
departamento_dcpr_unidad_intn_organismo_onc,Dpto. de Certificacion de Productos - DCPR,unidad_intn_organismo_onc
departamento_dcpr_unidad_intn_organismo_onc,Dpto. de Certificacion de Productos - DCPR,unidad_intn_organismo_onc
departamento_dcpr_unidad_intn_organismo_onc,Dpto. de Certificacion de Productos - DCPR,unidad_intn_organismo_onc
departamento_dcpr_unidad_intn_organismo_onc,Dpto. de Certificacion de Productos - DCPR,unidad_intn_organismo_onc
departamento_dcpr_unidad_intn_organismo_onc,Dpto. de Certificacion de Productos - DCPR,unidad_intn_organismo_onc
departamento_dcpr_unidad_intn_organismo_onc,Dpto. de Certificacion de Productos - DCPR,unidad_intn_organismo_onc
departamento_dcpr_unidad_intn_organismo_onc,Dpto. de Certificacion de Productos - DCPR,unidad_intn_organismo_onc
departamento_dcpr_unidad_intn_organismo_onc,Dpto. de Certificacion de Productos - DCPR,unidad_intn_organismo_onc
departamento_dcpr_unidad_intn_organismo_onc,Dpto. de Certificacion de Productos - DCPR,unidad_intn_organismo_onc
departamento_dcpr_unidad_intn_organismo_onc,Dpto. de Certificacion de Productos - DCPR,unidad_intn_organismo_onc
departamento_dcpr_unidad_intn_organismo_onc,Dpto. de Certificacion de Productos - DCPR,unidad_intn_organismo_onc
departamento_dcpr_unidad_intn_organismo_onc,Dpto. de Certificacion de Productos - DCPR,unidad_intn_organismo_onc
departamento_dcpr_unidad_intn_organismo_onc,Dpto. de Certificacion de Productos - DCPR,unidad_intn_organismo_onc
departamento_dcpr_unidad_intn_organismo_onc,Dpto. de Certificacion de Productos - DCPR,unidad_intn_organismo_onc
departamento_dcpr_unidad_intn_organismo_onc,Dpto. de Certificacion de Productos - DCPR,unidad_intn_organismo_onc
departamento_dcpr_unidad_intn_organismo_onc,Dpto. de Certificacion de Productos - DCPR,unidad_intn_organismo_onc
departamento_dcpr_unidad_intn_organismo_onc,Dpto. de Certificacion de Productos - DCPR,unidad_intn_organismo_onc
departamento_dcpr_unidad_intn_organismo_onc,Dpto. de Certificacion de Productos - DCPR,unidad_intn_organismo_onc
departamento_dcpr_unidad_intn_organismo_onc,Dpto. de Certificacion de Productos - DCPR,unidad_intn_organismo_onc
departamento_dcpr_unidad_intn_organismo_onc,Dpto. de Certificacion de Productos - DCPR,unidad_intn_organismo_onc
departamento_dcpr_unidad_intn_organismo_onc,Dpto. de Certificacion de Productos - DCPR,unidad_intn_organismo_onc
departamento_dcpr_unidad_intn_organismo_onc,Dpto. de Certificacion de Productos - DCPR,unidad_intn_organismo_onc
departamento_dcpr_unidad_intn_organismo_onc,Dpto. de Certificacion de Productos - DCPR,unidad_intn_organismo_onc
departamento_dcpr_unidad_intn_organismo_onc,Dpto. de Certificacion de Productos - DCPR,unidad_intn_organismo_onc
departamento_dcpr_unidad_intn_organismo_onc,Dpto. de Certificacion de Productos - DCPR,unidad_intn_organismo_onc
departamento_dcpr_unidad_intn_organismo_onc,Dpto. de Certificacion de Productos - DCPR,unidad_intn_organismo_onc
departamento_dcpr_unidad_intn_organismo_onc,Dpto. de Certificacion de Productos - DCPR,unidad_intn_organismo_onc
departamento_dcpr_unidad_intn_organismo_onc,Dpto. de Certificacion de Productos - DCPR,unidad_intn_organismo_onc
departamento_dcpr_unidad_intn_organismo_onc,Dpto. de Certificacion de Productos - DCPR,unidad_intn_organismo_onc
departamento_dcpr_unidad_intn_organismo_onc,Dpto. de Certificacion de Productos - DCPR,unidad_intn_organismo_onc
departamento_dcpr_unidad_intn_organismo_onc,Dpto. de Certificacion de Productos - DCPR,unidad_intn_organismo_onc
departamento_dcpr_unidad_intn_organismo_onc,Dpto. de Certificacion de Productos - DCPR,unidad_intn_organismo_onc
departamento_dcpr_unidad_intn_organismo_onc,Dpto. de Certificacion de Productos - DCPR,unidad_intn_organismo_onc
departamento_dcpr_unidad_intn_organismo_onc,Dpto. de Certificacion de Productos - DCPR,unidad_intn_organismo_onc
departamento_dcpr_unidad_intn_organismo_onc,Dpto. de Certificacion de Productos - DCPR,unidad_intn_organismo_onc
departamento_dcpr_unidad_intn_organismo_onc,Dpto. de Certificacion de Productos - DCPR,unidad_intn_organismo_onc
departamento_dcpr_unidad_intn_organismo_onc,Dpto. de Certificacion de Productos - DCPR,unidad_intn_organismo_onc
departamento_dcpr_unidad_intn_organismo_onc,Dpto. de Certificacion de Productos - DCPR,unidad_intn_organismo_onc
departamento_dcpr_unidad_intn_organismo_onc,Dpto. de Certificacion de Productos - DCPR,unidad_intn_organismo_onc
departamento_dcpr_unidad_intn_organismo_onc,Dpto. de Certificacion de Productos - DCPR,unidad_intn_organismo_onc
departamento_dcpr_unidad_intn_organismo_onc,Dpto. de Certificacion de Productos - DCPR,unidad_intn_organismo_onc
departamento_dcpr_unidad_intn_organismo_onc,Dpto. de Certificacion de Productos - DCPR,unidad_intn_organismo_onc
departamento_dcpr_unidad_intn_organismo_onc,Dpto. de Certificacion de Productos - DCPR,unidad_intn_organismo_onc
departamento_dcpr_unidad_intn_organismo_onc,Dpto. de Certificacion de Productos - DCPR,unidad_intn_organismo_onc
departamento_dcpr_unidad_intn_organismo_onc,Dpto. de Certificacion de Productos - DCPR,unidad_intn_organismo_onc
departamento_dcpr_unidad_intn_organismo_onc,Dpto. de Certificacion de Productos - DCPR,unidad_intn_organismo_onc
departamento_dcpr_unidad_intn_organismo_onc,Dpto. de Certificacion de Productos - DCPR,unidad_intn_organismo_onc
departamento_dcpr_unidad_intn_organismo_onc,Dpto. de Certificacion de Productos - DCPR,unidad_intn_organismo_onc
departamento_dcpr_unidad_intn_organismo_onc,Dpto. de Certificacion de Productos - DCPR,unidad_intn_organismo_onc
departamento_dcpr_unidad_intn_organismo_onc,Dpto. de Certificacion de Productos - DCPR,unidad_intn_organismo_onc
departamento_dcpr_unidad_intn_organismo_onc,Dpto. de Certificacion de Productos - DCPR,unidad_intn_organismo_onc
departamento_dcpr_unidad_intn_organismo_onc,Dpto. de Certificacion de Productos - DCPR,unidad_intn_organismo_onc
departamento_dcpr_unidad_intn_organismo_onc,Dpto. de Certificacion de Productos - DCPR,unidad_intn_organismo_onc
departamento_dcpr_unidad_intn_organismo_onc,Dpto. de Certificacion de Productos - DCPR,unidad_intn_organismo_onc
departamento_dcpr_unidad_intn_organismo_onc,Dpto. de Certificacion de Productos - DCPR,unidad_intn_organismo_onc
departamento_dcpr_unidad_intn_organismo_onc,Dpto. de Certificacion de Productos - DCPR,unidad_intn_organismo_onc
departamento_dcpr_unidad_intn_organismo_onc,Dpto. de Certificacion de Productos - DCPR,unidad_intn_organismo_onc
departamento_dcpr_unidad_intn_organismo_onc,Dpto. de Certificacion de Productos - DCPR,unidad_intn_organismo_onc
departamento_dcpr_unidad_intn_organismo_onc,Dpto. de Certificacion de Productos - DCPR,unidad_intn_organismo_onc
departamento_dcpr_unidad_intn_organismo_onc,Dpto. de Certificacion de Productos - DCPR,unidad_intn_organismo_onc
departamento_dcpr_unidad_intn_organismo_onc,Dpto. de Certificacion de Productos - DCPR,unidad_intn_organismo_onc
departamento_dcpr_unidad_intn_organismo_onc,Dpto. de Certificacion de Productos - DCPR,unidad_intn_organismo_onc
departamento_dcpr_unidad_intn_organismo_onc,Dpto. de Certificacion de Productos - DCPR,unidad_intn_organismo_onc
departamento_dcpr_unidad_intn_organismo_onc,Dpto. de Certificacion de Productos - DCPR,unidad_intn_organismo_onc
departamento_dcpr_unidad_intn_organismo_onc,Dpto. de Certificacion de Productos - DCPR,unidad_intn_organismo_onc
departamento_dcpr_unidad_intn_organismo_onc,Dpto. de Certificacion de Productos - DCPR,unidad_intn_organismo_onc
departamento_dcpr_unidad_intn_organismo_onc,Dpto. de Certificacion de Productos - DCPR,unidad_intn_organismo_onc
departamento_dcpr_unidad_intn_organismo_onc,Dpto. de Certificacion de Productos - DCPR,unidad_intn_organismo_onc
departamento_dcpr_unidad_intn_organismo_onc,Dpto. de Certificacion de Productos - DCPR,unidad_intn_organismo_onc
departamento_dcpr_unidad_intn_organismo_onc,Dpto. de Certificacion de Productos - DCPR,unidad_intn_organismo_onc
departamento_dcpr_unidad_intn_organismo_onc,Dpto. de Certificacion de Productos - DCPR,unidad_intn_organismo_onc
departamento_dcpr_unidad_intn_organismo_onc,Dpto. de Certificacion de Productos - DCPR,unidad_intn_organismo_onc
departamento_dcpr_unidad_intn_organismo_onc,Dpto. de Certificacion de Productos - DCPR,unidad_intn_organismo_onc
departamento_dcpr_unidad_intn_organismo_onc,Dpto. de Certificacion de Productos - DCPR,unidad_intn_organismo_onc
departamento_dcpr_unidad_intn_organismo_onc,Dpto. de Certificacion de Productos - DCPR,unidad_intn_organismo_onc
departamento_dcpr_unidad_intn_organismo_onc,Dpto. de Certificacion de Productos - DCPR,unidad_intn_organismo_onc
departamento_dcpr_unidad_intn_organismo_onc,Dpto. de Certificacion de Productos - DCPR,unidad_intn_organismo_onc
departamento_dcpr_unidad_intn_organismo_onc,Dpto. de Certificacion de Productos - DCPR,unidad_intn_organismo_onc
departamento_dcpr_unidad_intn_organismo_onc,Dpto. de Certificacion de Productos - DCPR,unidad_intn_organismo_onc
departamento_dcpr_unidad_intn_organismo_onc,Dpto. de Certificacion de Productos - DCPR,unidad_intn_organismo_onc
departamento_dcpr_unidad_intn_organismo_onc,Dpto. de Certificacion de Productos - DCPR,unidad_intn_organismo_onc
departamento_eemb_unidad_intn_organismo_oni,Envases y Embalajes - EEMB,unidad_intn_organismo_oni
departamento_eemb_unidad_intn_organismo_oni,Envases y Embalajes - EEMB,unidad_intn_organismo_oni
departamento_eemb_unidad_intn_organismo_oni,Envases y Embalajes - EEMB,unidad_intn_organismo_oni
departamento_eemb_unidad_intn_organismo_oni,Envases y Embalajes - EEMB,unidad_intn_organismo_oni
departamento_eemb_unidad_intn_organismo_oni,Envases y Embalajes - EEMB,unidad_intn_organismo_oni
departamento_eemb_unidad_intn_organismo_oni,Envases y Embalajes - EEMB,unidad_intn_organismo_oni
departamento_eemb_unidad_intn_organismo_oni,Envases y Embalajes - EEMB,unidad_intn_organismo_oni
departamento_eemb_unidad_intn_organismo_oni,Envases y Embalajes - EEMB,unidad_intn_organismo_oni
departamento_eemb_unidad_intn_organismo_oni,Envases y Embalajes - EEMB,unidad_intn_organismo_oni
departamento_eemb_unidad_intn_organismo_oni,Envases y Embalajes - EEMB,unidad_intn_organismo_oni
departamento_eemb_unidad_intn_organismo_oni,Envases y Embalajes - EEMB,unidad_intn_organismo_oni
departamento_eemb_unidad_intn_organismo_oni,Envases y Embalajes - EEMB,unidad_intn_organismo_oni
departamento_eemb_unidad_intn_organismo_oni,Envases y Embalajes - EEMB,unidad_intn_organismo_oni
departamento_eemb_unidad_intn_organismo_oni,Envases y Embalajes - EEMB,unidad_intn_organismo_oni
departamento_eemb_unidad_intn_organismo_oni,Envases y Embalajes - EEMB,unidad_intn_organismo_oni
departamento_eemb_unidad_intn_organismo_oni,Envases y Embalajes - EEMB,unidad_intn_organismo_oni
departamento_eemb_unidad_intn_organismo_oni,Envases y Embalajes - EEMB,unidad_intn_organismo_oni
departamento_eemb_unidad_intn_organismo_oni,Envases y Embalajes - EEMB,unidad_intn_organismo_oni
departamento_eemb_unidad_intn_organismo_oni,Envases y Embalajes - EEMB,unidad_intn_organismo_oni
departamento_eemb_unidad_intn_organismo_oni,Envases y Embalajes - EEMB,unidad_intn_organismo_oni
departamento_eemb_unidad_intn_organismo_oni,Envases y Embalajes - EEMB,unidad_intn_organismo_oni
departamento_eemb_unidad_intn_organismo_oni,Envases y Embalajes - EEMB,unidad_intn_organismo_oni
departamento_eemb_unidad_intn_organismo_oni,Envases y Embalajes - EEMB,unidad_intn_organismo_oni
departamento_eemb_unidad_intn_organismo_oni,Envases y Embalajes - EEMB,unidad_intn_organismo_oni
departamento_eemb_unidad_intn_organismo_oni,Envases y Embalajes - EEMB,unidad_intn_organismo_oni
departamento_eemb_unidad_intn_organismo_oni,Envases y Embalajes - EEMB,unidad_intn_organismo_oni
departamento_eemb_unidad_intn_organismo_oni,Envases y Embalajes - EEMB,unidad_intn_organismo_oni
departamento_eemb_unidad_intn_organismo_oni,Envases y Embalajes - EEMB,unidad_intn_organismo_oni
departamento_eemb_unidad_intn_organismo_oni,Envases y Embalajes - EEMB,unidad_intn_organismo_oni
departamento_eemb_unidad_intn_organismo_oni,Envases y Embalajes - EEMB,unidad_intn_organismo_oni
departamento_eemb_unidad_intn_organismo_oni,Envases y Embalajes - EEMB,unidad_intn_organismo_oni
departamento_eemb_unidad_intn_organismo_oni,Envases y Embalajes - EEMB,unidad_intn_organismo_oni
departamento_eemb_unidad_intn_organismo_oni,Envases y Embalajes - EEMB,unidad_intn_organismo_oni
departamento_eemb_unidad_intn_organismo_oni,Envases y Embalajes - EEMB,unidad_intn_organismo_oni
departamento_eemb_unidad_intn_organismo_oni,Envases y Embalajes - EEMB,unidad_intn_organismo_oni
departamento_eemb_unidad_intn_organismo_oni,Envases y Embalajes - EEMB,unidad_intn_organismo_oni
departamento_eemb_unidad_intn_organismo_oni,Envases y Embalajes - EEMB,unidad_intn_organismo_oni
departamento_eemb_unidad_intn_organismo_oni,Envases y Embalajes - EEMB,unidad_intn_organismo_oni
departamento_eemb_unidad_intn_organismo_oni,Envases y Embalajes - EEMB,unidad_intn_organismo_oni
departamento_eemb_unidad_intn_organismo_oni,Envases y Embalajes - EEMB,unidad_intn_organismo_oni
departamento_eemb_unidad_intn_organismo_oni,Envases y Embalajes - EEMB,unidad_intn_organismo_oni
departamento_eemb_unidad_intn_organismo_oni,Envases y Embalajes - EEMB,unidad_intn_organismo_oni
departamento_eemb_unidad_intn_organismo_oni,Envases y Embalajes - EEMB,unidad_intn_organismo_oni
departamento_eemb_unidad_intn_organismo_oni,Envases y Embalajes - EEMB,unidad_intn_organismo_oni
departamento_eemb_unidad_intn_organismo_oni,Envases y Embalajes - EEMB,unidad_intn_organismo_oni
departamento_eemb_unidad_intn_organismo_oni,Envases y Embalajes - EEMB,unidad_intn_organismo_oni
departamento_eemb_unidad_intn_organismo_oni,Envases y Embalajes - EEMB,unidad_intn_organismo_oni
departamento_eemb_unidad_intn_organismo_oni,Envases y Embalajes - EEMB,unidad_intn_organismo_oni
departamento_eemb_unidad_intn_organismo_oni,Envases y Embalajes - EEMB,unidad_intn_organismo_oni
departamento_eemb_unidad_intn_organismo_oni,Envases y Embalajes - EEMB,unidad_intn_organismo_oni
departamento_eemb_unidad_intn_organismo_oni,Envases y Embalajes - EEMB,unidad_intn_organismo_oni
departamento_eemb_unidad_intn_organismo_oni,Envases y Embalajes - EEMB,unidad_intn_organismo_oni
departamento_eemb_unidad_intn_organismo_oni,Envases y Embalajes - EEMB,unidad_intn_organismo_oni
departamento_eemb_unidad_intn_organismo_oni,Envases y Embalajes - EEMB,unidad_intn_organismo_oni
departamento_eemb_unidad_intn_organismo_oni,Envases y Embalajes - EEMB,unidad_intn_organismo_oni
departamento_eemb_unidad_intn_organismo_oni,Envases y Embalajes - EEMB,unidad_intn_organismo_oni
departamento_eemb_unidad_intn_organismo_oni,Envases y Embalajes - EEMB,unidad_intn_organismo_oni
departamento_eemb_unidad_intn_organismo_oni,Envases y Embalajes - EEMB,unidad_intn_organismo_oni
departamento_eemb_unidad_intn_organismo_oni,Envases y Embalajes - EEMB,unidad_intn_organismo_oni
departamento_eemb_unidad_intn_organismo_oni,Envases y Embalajes - EEMB,unidad_intn_organismo_oni
departamento_eemb_unidad_intn_organismo_oni,Envases y Embalajes - EEMB,unidad_intn_organismo_oni
departamento_eemb_unidad_intn_organismo_oni,Envases y Embalajes - EEMB,unidad_intn_organismo_oni
departamento_eemb_unidad_intn_organismo_oni,Envases y Embalajes - EEMB,unidad_intn_organismo_oni
departamento_eemb_unidad_intn_organismo_oni,Envases y Embalajes - EEMB,unidad_intn_organismo_oni
departamento_eemb_unidad_intn_organismo_oni,Envases y Embalajes - EEMB,unidad_intn_organismo_oni
departamento_eemb_unidad_intn_organismo_oni,Envases y Embalajes - EEMB,unidad_intn_organismo_oni
departamento_eemb_unidad_intn_organismo_oni,Envases y Embalajes - EEMB,unidad_intn_organismo_oni
departamento_eemb_unidad_intn_organismo_oni,Envases y Embalajes - EEMB,unidad_intn_organismo_oni
departamento_eemb_unidad_intn_organismo_oni,Envases y Embalajes - EEMB,unidad_intn_organismo_oni
departamento_eemb_unidad_intn_organismo_oni,Envases y Embalajes - EEMB,unidad_intn_organismo_oni
departamento_eemb_unidad_intn_organismo_oni,Envases y Embalajes - EEMB,unidad_intn_organismo_oni
departamento_eemb_unidad_intn_organismo_oni,Envases y Embalajes - EEMB,unidad_intn_organismo_oni
departamento_eemb_unidad_intn_organismo_oni,Envases y Embalajes - EEMB,unidad_intn_organismo_oni
departamento_eemb_unidad_intn_organismo_oni,Envases y Embalajes - EEMB,unidad_intn_organismo_oni
departamento_eemb_unidad_intn_organismo_oni,Envases y Embalajes - EEMB,unidad_intn_organismo_oni
departamento_eemb_unidad_intn_organismo_oni,Envases y Embalajes - EEMB,unidad_intn_organismo_oni
departamento_eemb_unidad_intn_organismo_oni,Envases y Embalajes - EEMB,unidad_intn_organismo_oni
departamento_eemb_unidad_intn_organismo_oni,Envases y Embalajes - EEMB,unidad_intn_organismo_oni
departamento_eemb_unidad_intn_organismo_oni,Envases y Embalajes - EEMB,unidad_intn_organismo_oni
departamento_eemb_unidad_intn_organismo_oni,Envases y Embalajes - EEMB,unidad_intn_organismo_oni
departamento_eemb_unidad_intn_organismo_oni,Envases y Embalajes - EEMB,unidad_intn_organismo_oni
departamento_eemb_unidad_intn_organismo_oni,Envases y Embalajes - EEMB,unidad_intn_organismo_oni
departamento_eemb_unidad_intn_organismo_oni,Envases y Embalajes - EEMB,unidad_intn_organismo_oni
departamento_eemb_unidad_intn_organismo_oni,Envases y Embalajes - EEMB,unidad_intn_organismo_oni
departamento_eemb_unidad_intn_organismo_oni,Envases y Embalajes - EEMB,unidad_intn_organismo_oni
departamento_eemb_unidad_intn_organismo_oni,Envases y Embalajes - EEMB,unidad_intn_organismo_oni
departamento_eemb_unidad_intn_organismo_oni,Envases y Embalajes - EEMB,unidad_intn_organismo_oni
departamento_eemb_unidad_intn_organismo_oni,Envases y Embalajes - EEMB,unidad_intn_organismo_oni
departamento_eemb_unidad_intn_organismo_oni,Envases y Embalajes - EEMB,unidad_intn_organismo_oni
departamento_eemb_unidad_intn_organismo_oni,Envases y Embalajes - EEMB,unidad_intn_organismo_oni
departamento_eemb_unidad_intn_organismo_oni,Envases y Embalajes - EEMB,unidad_intn_organismo_oni
departamento_eemb_unidad_intn_organismo_oni,Envases y Embalajes - EEMB,unidad_intn_organismo_oni
departamento_eemb_unidad_intn_organismo_oni,Envases y Embalajes - EEMB,unidad_intn_organismo_oni
departamento_eemb_unidad_intn_organismo_oni,Envases y Embalajes - EEMB,unidad_intn_organismo_oni
departamento_eemb_unidad_intn_organismo_oni,Envases y Embalajes - EEMB,unidad_intn_organismo_oni
departamento_eemb_unidad_intn_organismo_oni,Envases y Embalajes - EEMB,unidad_intn_organismo_oni
departamento_eemb_unidad_intn_organismo_oni,Envases y Embalajes - EEMB,unidad_intn_organismo_oni
departamento_eemb_unidad_intn_organismo_oni,Envases y Embalajes - EEMB,unidad_intn_organismo_oni
departamento_eemb_unidad_intn_organismo_oni,Envases y Embalajes - EEMB,unidad_intn_organismo_oni
departamento_eemb_unidad_intn_organismo_oni,Envases y Embalajes - EEMB,unidad_intn_organismo_oni
departamento_eemb_unidad_intn_organismo_oni,Envases y Embalajes - EEMB,unidad_intn_organismo_oni
departamento_eemb_unidad_intn_organismo_oni,Envases y Embalajes - EEMB,unidad_intn_organismo_oni
departamento_eemb_unidad_intn_organismo_oni,Envases y Embalajes - EEMB,unidad_intn_organismo_oni
departamento_eemb_unidad_intn_organismo_oni,Envases y Embalajes - EEMB,unidad_intn_organismo_oni
departamento_eemb_unidad_intn_organismo_oni,Envases y Embalajes - EEMB,unidad_intn_organismo_oni
departamento_eemb_unidad_intn_organismo_oni,Envases y Embalajes - EEMB,unidad_intn_organismo_oni
departamento_eemb_unidad_intn_organismo_oni,Envases y Embalajes - EEMB,unidad_intn_organismo_oni
departamento_eemb_unidad_intn_organismo_oni,Envases y Embalajes - EEMB,unidad_intn_organismo_oni
departamento_eemb_unidad_intn_organismo_oni,Envases y Embalajes - EEMB,unidad_intn_organismo_oni
departamento_eemb_unidad_intn_organismo_oni,Envases y Embalajes - EEMB,unidad_intn_organismo_oni
departamento_eemb_unidad_intn_organismo_oni,Envases y Embalajes - EEMB,unidad_intn_organismo_oni
departamento_eemb_unidad_intn_organismo_oni,Envases y Embalajes - EEMB,unidad_intn_organismo_oni
departamento_eemb_unidad_intn_organismo_oni,Envases y Embalajes - EEMB,unidad_intn_organismo_oni
departamento_eemb_unidad_intn_organismo_oni,Envases y Embalajes - EEMB,unidad_intn_organismo_oni
departamento_eemb_unidad_intn_organismo_oni,Envases y Embalajes - EEMB,unidad_intn_organismo_oni
departamento_eemb_unidad_intn_organismo_oni,Envases y Embalajes - EEMB,unidad_intn_organismo_oni
departamento_eemb_unidad_intn_organismo_oni,Envases y Embalajes - EEMB,unidad_intn_organismo_oni
departamento_eemb_unidad_intn_organismo_oni,Envases y Embalajes - EEMB,unidad_intn_organismo_oni
departamento_eemb_unidad_intn_organismo_oni,Envases y Embalajes - EEMB,unidad_intn_organismo_oni
departamento_eemb_unidad_intn_organismo_oni,Envases y Embalajes - EEMB,unidad_intn_organismo_oni
departamento_eemb_unidad_intn_organismo_oni,Envases y Embalajes - EEMB,unidad_intn_organismo_oni
departamento_eemb_unidad_intn_organismo_oni,Envases y Embalajes - EEMB,unidad_intn_organismo_oni
departamento_eemb_unidad_intn_organismo_oni,Envases y Embalajes - EEMB,unidad_intn_organismo_oni
departamento_eemb_unidad_intn_organismo_oni,Envases y Embalajes - EEMB,unidad_intn_organismo_oni
departamento_eemb_unidad_intn_organismo_oni,Envases y Embalajes - EEMB,unidad_intn_organismo_oni
departamento_eemb_unidad_intn_organismo_oni,Envases y Embalajes - EEMB,unidad_intn_organismo_oni
departamento_eemb_unidad_intn_organismo_oni,Envases y Embalajes - EEMB,unidad_intn_organismo_oni
departamento_eemb_unidad_intn_organismo_oni,Envases y Embalajes - EEMB,unidad_intn_organismo_oni
departamento_eemb_unidad_intn_organismo_oni,Envases y Embalajes - EEMB,unidad_intn_organismo_oni
departamento_eemb_unidad_intn_organismo_oni,Envases y Embalajes - EEMB,unidad_intn_organismo_oni
departamento_eemb_unidad_intn_organismo_oni,Envases y Embalajes - EEMB,unidad_intn_organismo_oni
departamento_eemb_unidad_intn_organismo_oni,Envases y Embalajes - EEMB,unidad_intn_organismo_oni
departamento_eemb_unidad_intn_organismo_oni,Envases y Embalajes - EEMB,unidad_intn_organismo_oni
departamento_eemb_unidad_intn_organismo_oni,Envases y Embalajes - EEMB,unidad_intn_organismo_oni
departamento_eemb_unidad_intn_organismo_oni,Envases y Embalajes - EEMB,unidad_intn_organismo_oni
departamento_eemb_unidad_intn_organismo_oni,Envases y Embalajes - EEMB,unidad_intn_organismo_oni
departamento_eemb_unidad_intn_organismo_oni,Envases y Embalajes - EEMB,unidad_intn_organismo_oni
departamento_eemb_unidad_intn_organismo_oni,Envases y Embalajes - EEMB,unidad_intn_organismo_oni
departamento_eemb_unidad_intn_organismo_oni,Envases y Embalajes - EEMB,unidad_intn_organismo_oni
departamento_eemb_unidad_intn_organismo_oni,Envases y Embalajes - EEMB,unidad_intn_organismo_oni
departamento_eemb_unidad_intn_organismo_oni,Envases y Embalajes - EEMB,unidad_intn_organismo_oni
departamento_eemb_unidad_intn_organismo_oni,Envases y Embalajes - EEMB,unidad_intn_organismo_oni
departamento_eemb_unidad_intn_organismo_oni,Envases y Embalajes - EEMB,unidad_intn_organismo_oni
departamento_eemb_unidad_intn_organismo_oni,Envases y Embalajes - EEMB,unidad_intn_organismo_oni
departamento_eemb_unidad_intn_organismo_oni,Envases y Embalajes - EEMB,unidad_intn_organismo_oni
departamento_eemb_unidad_intn_organismo_oni,Envases y Embalajes - EEMB,unidad_intn_organismo_oni
departamento_eemb_unidad_intn_organismo_oni,Envases y Embalajes - EEMB,unidad_intn_organismo_oni
departamento_eemb_unidad_intn_organismo_oni,Envases y Embalajes - EEMB,unidad_intn_organismo_oni
departamento_eemb_unidad_intn_organismo_oni,Envases y Embalajes - EEMB,unidad_intn_organismo_oni
departamento_eemb_unidad_intn_organismo_oni,Envases y Embalajes - EEMB,unidad_intn_organismo_oni
departamento_eemb_unidad_intn_organismo_oni,Envases y Embalajes - EEMB,unidad_intn_organismo_oni
departamento_eemb_unidad_intn_organismo_oni,Envases y Embalajes - EEMB,unidad_intn_organismo_oni
departamento_eemb_unidad_intn_organismo_oni,Envases y Embalajes - EEMB,unidad_intn_organismo_oni
departamento_eemb_unidad_intn_organismo_oni,Envases y Embalajes - EEMB,unidad_intn_organismo_oni
departamento_eemb_unidad_intn_organismo_oni,Envases y Embalajes - EEMB,unidad_intn_organismo_oni
departamento_eemb_unidad_intn_organismo_oni,Envases y Embalajes - EEMB,unidad_intn_organismo_oni
departamento_eemb_unidad_intn_organismo_oni,Envases y Embalajes - EEMB,unidad_intn_organismo_oni
departamento_eemb_unidad_intn_organismo_oni,Envases y Embalajes - EEMB,unidad_intn_organismo_oni
departamento_eemb_unidad_intn_organismo_oni,Envases y Embalajes - EEMB,unidad_intn_organismo_oni
departamento_eemb_unidad_intn_organismo_oni,Envases y Embalajes - EEMB,unidad_intn_organismo_oni
departamento_eemb_unidad_intn_organismo_oni,Envases y Embalajes - EEMB,unidad_intn_organismo_oni
departamento_eemb_unidad_intn_organismo_oni,Envases y Embalajes - EEMB,unidad_intn_organismo_oni
departamento_eemb_unidad_intn_organismo_oni,Envases y Embalajes - EEMB,unidad_intn_organismo_oni
departamento_eemb_unidad_intn_organismo_oni,Envases y Embalajes - EEMB,unidad_intn_organismo_oni
departamento_eemb_unidad_intn_organismo_oni,Envases y Embalajes - EEMB,unidad_intn_organismo_oni
departamento_eemb_unidad_intn_organismo_oni,Envases y Embalajes - EEMB,unidad_intn_organismo_oni
departamento_eemb_unidad_intn_organismo_oni,Envases y Embalajes - EEMB,unidad_intn_organismo_oni
departamento_eemb_unidad_intn_organismo_oni,Envases y Embalajes - EEMB,unidad_intn_organismo_oni
departamento_eemb_unidad_intn_organismo_oni,Envases y Embalajes - EEMB,unidad_intn_organismo_oni
departamento_eemb_unidad_intn_organismo_oni,Envases y Embalajes - EEMB,unidad_intn_organismo_oni
departamento_eemb_unidad_intn_organismo_oni,Envases y Embalajes - EEMB,unidad_intn_organismo_oni
departamento_eemb_unidad_intn_organismo_oni,Envases y Embalajes - EEMB,unidad_intn_organismo_oni
departamento_eemb_unidad_intn_organismo_oni,Envases y Embalajes - EEMB,unidad_intn_organismo_oni
departamento_eemb_unidad_intn_organismo_oni,Envases y Embalajes - EEMB,unidad_intn_organismo_oni
departamento_eemb_unidad_intn_organismo_oni,Envases y Embalajes - EEMB,unidad_intn_organismo_oni
departamento_eemb_unidad_intn_organismo_oni,Envases y Embalajes - EEMB,unidad_intn_organismo_oni
departamento_eemb_unidad_intn_organismo_oni,Envases y Embalajes - EEMB,unidad_intn_organismo_oni
departamento_eemb_unidad_intn_organismo_oni,Envases y Embalajes - EEMB,unidad_intn_organismo_oni
departamento_eemb_unidad_intn_organismo_oni,Envases y Embalajes - EEMB,unidad_intn_organismo_oni
departamento_eemb_unidad_intn_organismo_oni,Envases y Embalajes - EEMB,unidad_intn_organismo_oni
departamento_eemb_unidad_intn_organismo_oni,Envases y Embalajes - EEMB,unidad_intn_organismo_oni
departamento_eemb_unidad_intn_organismo_oni,Envases y Embalajes - EEMB,unidad_intn_organismo_oni
departamento_eemb_unidad_intn_organismo_oni,Envases y Embalajes - EEMB,unidad_intn_organismo_oni
departamento_eemb_unidad_intn_organismo_oni,Envases y Embalajes - EEMB,unidad_intn_organismo_oni
departamento_eemb_unidad_intn_organismo_oni,Envases y Embalajes - EEMB,unidad_intn_organismo_oni
departamento_eemb_unidad_intn_organismo_oni,Envases y Embalajes - EEMB,unidad_intn_organismo_oni
departamento_eemb_unidad_intn_organismo_oni,Envases y Embalajes - EEMB,unidad_intn_organismo_oni
departamento_eemb_unidad_intn_organismo_oni,Envases y Embalajes - EEMB,unidad_intn_organismo_oni
departamento_eemb_unidad_intn_organismo_oni,Envases y Embalajes - EEMB,unidad_intn_organismo_oni
departamento_eemb_unidad_intn_organismo_oni,Envases y Embalajes - EEMB,unidad_intn_organismo_oni
departamento_eemb_unidad_intn_organismo_oni,Envases y Embalajes - EEMB,unidad_intn_organismo_oni
departamento_eemb_unidad_intn_organismo_oni,Envases y Embalajes - EEMB,unidad_intn_organismo_oni
departamento_eemb_unidad_intn_organismo_oni,Envases y Embalajes - EEMB,unidad_intn_organismo_oni
departamento_eemb_unidad_intn_organismo_oni,Envases y Embalajes - EEMB,unidad_intn_organismo_oni
departamento_eemb_unidad_intn_organismo_oni,Envases y Embalajes - EEMB,unidad_intn_organismo_oni
departamento_eemb_unidad_intn_organismo_oni,Envases y Embalajes - EEMB,unidad_intn_organismo_oni
departamento_eemb_unidad_intn_organismo_oni,Envases y Embalajes - EEMB,unidad_intn_organismo_oni
departamento_eemb_unidad_intn_organismo_oni,Envases y Embalajes - EEMB,unidad_intn_organismo_oni
departamento_eemb_unidad_intn_organismo_oni,Envases y Embalajes - EEMB,unidad_intn_organismo_oni
departamento_eemb_unidad_intn_organismo_oni,Envases y Embalajes - EEMB,unidad_intn_organismo_oni
departamento_eemb_unidad_intn_organismo_oni,Envases y Embalajes - EEMB,unidad_intn_organismo_oni
departamento_eemb_unidad_intn_organismo_oni,Envases y Embalajes - EEMB,unidad_intn_organismo_oni
departamento_eemb_unidad_intn_organismo_oni,Envases y Embalajes - EEMB,unidad_intn_organismo_oni
departamento_eemb_unidad_intn_organismo_oni,Envases y Embalajes - EEMB,unidad_intn_organismo_oni
departamento_eemb_unidad_intn_organismo_oni,Envases y Embalajes - EEMB,unidad_intn_organismo_oni
departamento_eemb_unidad_intn_organismo_oni,Envases y Embalajes - EEMB,unidad_intn_organismo_oni
departamento_eemb_unidad_intn_organismo_oni,Envases y Embalajes - EEMB,unidad_intn_organismo_oni
departamento_eemb_unidad_intn_organismo_oni,Envases y Embalajes - EEMB,unidad_intn_organismo_oni
departamento_eemb_unidad_intn_organismo_oni,Envases y Embalajes - EEMB,unidad_intn_organismo_oni
departamento_eemb_unidad_intn_organismo_oni,Envases y Embalajes - EEMB,unidad_intn_organismo_oni
departamento_eemb_unidad_intn_organismo_oni,Envases y Embalajes - EEMB,unidad_intn_organismo_oni
departamento_eemb_unidad_intn_organismo_oni,Envases y Embalajes - EEMB,unidad_intn_organismo_oni
departamento_eemb_unidad_intn_organismo_oni,Envases y Embalajes - EEMB,unidad_intn_organismo_oni
departamento_eemb_unidad_intn_organismo_oni,Envases y Embalajes - EEMB,unidad_intn_organismo_oni
departamento_eemb_unidad_intn_organismo_oni,Envases y Embalajes - EEMB,unidad_intn_organismo_oni
departamento_eemb_unidad_intn_organismo_oni,Envases y Embalajes - EEMB,unidad_intn_organismo_oni
departamento_eemb_unidad_intn_organismo_oni,Envases y Embalajes - EEMB,unidad_intn_organismo_oni
departamento_eemb_unidad_intn_organismo_oni,Envases y Embalajes - EEMB,unidad_intn_organismo_oni
departamento_eemb_unidad_intn_organismo_oni,Envases y Embalajes - EEMB,unidad_intn_organismo_oni
departamento_eemb_unidad_intn_organismo_oni,Envases y Embalajes - EEMB,unidad_intn_organismo_oni
departamento_eemb_unidad_intn_organismo_oni,Envases y Embalajes - EEMB,unidad_intn_organismo_oni
departamento_eemb_unidad_intn_organismo_oni,Envases y Embalajes - EEMB,unidad_intn_organismo_oni
departamento_eemb_unidad_intn_organismo_oni,Envases y Embalajes - EEMB,unidad_intn_organismo_oni
departamento_eemb_unidad_intn_organismo_oni,Envases y Embalajes - EEMB,unidad_intn_organismo_oni
departamento_eemb_unidad_intn_organismo_oni,Envases y Embalajes - EEMB,unidad_intn_organismo_oni
departamento_eemb_unidad_intn_organismo_oni,Envases y Embalajes - EEMB,unidad_intn_organismo_oni
departamento_eemb_unidad_intn_organismo_oni,Envases y Embalajes - EEMB,unidad_intn_organismo_oni
departamento_eemb_unidad_intn_organismo_oni,Envases y Embalajes - EEMB,unidad_intn_organismo_oni
departamento_eemb_unidad_intn_organismo_oni,Envases y Embalajes - EEMB,unidad_intn_organismo_oni
departamento_eemb_unidad_intn_organismo_oni,Envases y Embalajes - EEMB,unidad_intn_organismo_oni
departamento_eemb_unidad_intn_organismo_oni,Envases y Embalajes - EEMB,unidad_intn_organismo_oni
departamento_eemb_unidad_intn_organismo_oni,Envases y Embalajes - EEMB,unidad_intn_organismo_oni
departamento_eemb_unidad_intn_organismo_oni,Envases y Embalajes - EEMB,unidad_intn_organismo_oni
departamento_eemb_unidad_intn_organismo_oni,Envases y Embalajes - EEMB,unidad_intn_organismo_oni
departamento_eemb_unidad_intn_organismo_oni,Envases y Embalajes - EEMB,unidad_intn_organismo_oni
departamento_eemb_unidad_intn_organismo_oni,Envases y Embalajes - EEMB,unidad_intn_organismo_oni
departamento_eemb_unidad_intn_organismo_oni,Envases y Embalajes - EEMB,unidad_intn_organismo_oni
departamento_eemb_unidad_intn_organismo_oni,Envases y Embalajes - EEMB,unidad_intn_organismo_oni
departamento_eemb_unidad_intn_organismo_oni,Envases y Embalajes - EEMB,unidad_intn_organismo_oni
departamento_eemb_unidad_intn_organismo_oni,Envases y Embalajes - EEMB,unidad_intn_organismo_oni
departamento_eemb_unidad_intn_organismo_oni,Envases y Embalajes - EEMB,unidad_intn_organismo_oni
departamento_eemb_unidad_intn_organismo_oni,Envases y Embalajes - EEMB,unidad_intn_organismo_oni
departamento_eemb_unidad_intn_organismo_oni,Envases y Embalajes - EEMB,unidad_intn_organismo_oni
departamento_eemb_unidad_intn_organismo_oni,Envases y Embalajes - EEMB,unidad_intn_organismo_oni
departamento_eemb_unidad_intn_organismo_oni,Envases y Embalajes - EEMB,unidad_intn_organismo_oni
departamento_eemb_unidad_intn_organismo_oni,Envases y Embalajes - EEMB,unidad_intn_organismo_oni
departamento_eemb_unidad_intn_organismo_oni,Envases y Embalajes - EEMB,unidad_intn_organismo_oni
departamento_eemb_unidad_intn_organismo_oni,Envases y Embalajes - EEMB,unidad_intn_organismo_oni
departamento_eemb_unidad_intn_organismo_oni,Envases y Embalajes - EEMB,unidad_intn_organismo_oni
departamento_eemb_unidad_intn_organismo_oni,Envases y Embalajes - EEMB,unidad_intn_organismo_oni
departamento_eemb_unidad_intn_organismo_oni,Envases y Embalajes - EEMB,unidad_intn_organismo_oni
departamento_eemb_unidad_intn_organismo_oni,Envases y Embalajes - EEMB,unidad_intn_organismo_oni
departamento_eemb_unidad_intn_organismo_oni,Envases y Embalajes - EEMB,unidad_intn_organismo_oni
departamento_eemb_unidad_intn_organismo_oni,Envases y Embalajes - EEMB,unidad_intn_organismo_oni
departamento_eemb_unidad_intn_organismo_oni,Envases y Embalajes - EEMB,unidad_intn_organismo_oni
departamento_eemb_unidad_intn_organismo_oni,Envases y Embalajes - EEMB,unidad_intn_organismo_oni
departamento_eemb_unidad_intn_organismo_oni,Envases y Embalajes - EEMB,unidad_intn_organismo_oni
departamento_eemb_unidad_intn_organismo_oni,Envases y Embalajes - EEMB,unidad_intn_organismo_oni
departamento_eemb_unidad_intn_organismo_oni,Envases y Embalajes - EEMB,unidad_intn_organismo_oni
departamento_eemb_unidad_intn_organismo_oni,Envases y Embalajes - EEMB,unidad_intn_organismo_oni
departamento_eemb_unidad_intn_organismo_oni,Envases y Embalajes - EEMB,unidad_intn_organismo_oni
departamento_eemb_unidad_intn_organismo_oni,Envases y Embalajes - EEMB,unidad_intn_organismo_oni
departamento_eemb_unidad_intn_organismo_oni,Envases y Embalajes - EEMB,unidad_intn_organismo_oni
departamento_eemb_unidad_intn_organismo_oni,Envases y Embalajes - EEMB,unidad_intn_organismo_oni
departamento_eemb_unidad_intn_organismo_oni,Envases y Embalajes - EEMB,unidad_intn_organismo_oni
departamento_eemb_unidad_intn_organismo_oni,Envases y Embalajes - EEMB,unidad_intn_organismo_oni
departamento_eemb_unidad_intn_organismo_oni,Envases y Embalajes - EEMB,unidad_intn_organismo_oni
departamento_eemb_unidad_intn_organismo_oni,Envases y Embalajes - EEMB,unidad_intn_organismo_oni
departamento_eemb_unidad_intn_organismo_oni,Envases y Embalajes - EEMB,unidad_intn_organismo_oni
departamento_eemb_unidad_intn_organismo_oni,Envases y Embalajes - EEMB,unidad_intn_organismo_oni
departamento_eemb_unidad_intn_organismo_oni,Envases y Embalajes - EEMB,unidad_intn_organismo_oni
departamento_eemb_unidad_intn_organismo_oni,Envases y Embalajes - EEMB,unidad_intn_organismo_oni
departamento_eemb_unidad_intn_organismo_oni,Envases y Embalajes - EEMB,unidad_intn_organismo_oni
departamento_eemb_unidad_intn_organismo_oni,Envases y Embalajes - EEMB,unidad_intn_organismo_oni
departamento_eemb_unidad_intn_organismo_oni,Envases y Embalajes - EEMB,unidad_intn_organismo_oni
departamento_eemb_unidad_intn_organismo_oni,Envases y Embalajes - EEMB,unidad_intn_organismo_oni
departamento_eemb_unidad_intn_organismo_oni,Envases y Embalajes - EEMB,unidad_intn_organismo_oni
departamento_eemb_unidad_intn_organismo_oni,Envases y Embalajes - EEMB,unidad_intn_organismo_oni
departamento_textil_unidad_intn_organismo_oni,Textil,unidad_intn_organismo_oni
departamento_textil_unidad_intn_organismo_oni,Textil,unidad_intn_organismo_oni
departamento_textil_unidad_intn_organismo_oni,Textil,unidad_intn_organismo_oni
departamento_textil_unidad_intn_organismo_oni,Textil,unidad_intn_organismo_oni
departamento_textil_unidad_intn_organismo_oni,Textil,unidad_intn_organismo_oni
departamento_textil_unidad_intn_organismo_oni,Textil,unidad_intn_organismo_oni
departamento_textil_unidad_intn_organismo_oni,Textil,unidad_intn_organismo_oni
departamento_textil_unidad_intn_organismo_oni,Textil,unidad_intn_organismo_oni
departamento_textil_unidad_intn_organismo_oni,Textil,unidad_intn_organismo_oni
departamento_textil_unidad_intn_organismo_oni,Textil,unidad_intn_organismo_oni
departamento_textil_unidad_intn_organismo_oni,Textil,unidad_intn_organismo_oni
departamento_textil_unidad_intn_organismo_oni,Textil,unidad_intn_organismo_oni
departamento_textil_unidad_intn_organismo_oni,Textil,unidad_intn_organismo_oni
departamento_textil_unidad_intn_organismo_oni,Textil,unidad_intn_organismo_oni
departamento_textil_unidad_intn_organismo_oni,Textil,unidad_intn_organismo_oni
departamento_textil_unidad_intn_organismo_oni,Textil,unidad_intn_organismo_oni
departamento_textil_unidad_intn_organismo_oni,Textil,unidad_intn_organismo_oni
departamento_textil_unidad_intn_organismo_oni,Textil,unidad_intn_organismo_oni
departamento_textil_unidad_intn_organismo_oni,Textil,unidad_intn_organismo_oni
departamento_textil_unidad_intn_organismo_oni,Textil,unidad_intn_organismo_oni
departamento_textil_unidad_intn_organismo_oni,Textil,unidad_intn_organismo_oni
departamento_textil_unidad_intn_organismo_oni,Textil,unidad_intn_organismo_oni
departamento_textil_unidad_intn_organismo_oni,Textil,unidad_intn_organismo_oni
departamento_textil_unidad_intn_organismo_oni,Textil,unidad_intn_organismo_oni
departamento_textil_unidad_intn_organismo_oni,Textil,unidad_intn_organismo_oni
departamento_textil_unidad_intn_organismo_oni,Textil,unidad_intn_organismo_oni
departamento_textil_unidad_intn_organismo_oni,Textil,unidad_intn_organismo_oni
departamento_textil_unidad_intn_organismo_oni,Textil,unidad_intn_organismo_oni
departamento_textil_unidad_intn_organismo_oni,Textil,unidad_intn_organismo_oni
departamento_textil_unidad_intn_organismo_oni,Textil,unidad_intn_organismo_oni
departamento_textil_unidad_intn_organismo_oni,Textil,unidad_intn_organismo_oni
departamento_textil_unidad_intn_organismo_oni,Textil,unidad_intn_organismo_oni
departamento_textil_unidad_intn_organismo_oni,Textil,unidad_intn_organismo_oni
departamento_textil_unidad_intn_organismo_oni,Textil,unidad_intn_organismo_oni
departamento_textil_unidad_intn_organismo_oni,Textil,unidad_intn_organismo_oni
departamento_textil_unidad_intn_organismo_oni,Textil,unidad_intn_organismo_oni
departamento_textil_unidad_intn_organismo_oni,Textil,unidad_intn_organismo_oni
departamento_textil_unidad_intn_organismo_oni,Textil,unidad_intn_organismo_oni
departamento_textil_unidad_intn_organismo_oni,Textil,unidad_intn_organismo_oni
departamento_textil_unidad_intn_organismo_oni,Textil,unidad_intn_organismo_oni
departamento_textil_unidad_intn_organismo_oni,Textil,unidad_intn_organismo_oni
departamento_textil_unidad_intn_organismo_oni,Textil,unidad_intn_organismo_oni
departamento_textil_unidad_intn_organismo_oni,Textil,unidad_intn_organismo_oni
departamento_textil_unidad_intn_organismo_oni,Textil,unidad_intn_organismo_oni
departamento_textil_unidad_intn_organismo_oni,Textil,unidad_intn_organismo_oni
departamento_textil_unidad_intn_organismo_oni,Textil,unidad_intn_organismo_oni
departamento_textil_unidad_intn_organismo_oni,Textil,unidad_intn_organismo_oni
departamento_textil_unidad_intn_organismo_oni,Textil,unidad_intn_organismo_oni
departamento_textil_unidad_intn_organismo_oni,Textil,unidad_intn_organismo_oni
departamento_textil_unidad_intn_organismo_oni,Textil,unidad_intn_organismo_oni
departamento_textil_unidad_intn_organismo_oni,Textil,unidad_intn_organismo_oni
departamento_textil_unidad_intn_organismo_oni,Textil,unidad_intn_organismo_oni
departamento_textil_unidad_intn_organismo_oni,Textil,unidad_intn_organismo_oni
departamento_textil_unidad_intn_organismo_oni,Textil,unidad_intn_organismo_oni
departamento_textil_unidad_intn_organismo_oni,Textil,unidad_intn_organismo_oni
departamento_textil_unidad_intn_organismo_oni,Textil,unidad_intn_organismo_oni
departamento_textil_unidad_intn_organismo_oni,Textil,unidad_intn_organismo_oni
departamento_textil_unidad_intn_organismo_oni,Textil,unidad_intn_organismo_oni
departamento_textil_unidad_intn_organismo_oni,Textil,unidad_intn_organismo_oni
departamento_textil_unidad_intn_organismo_oni,Textil,unidad_intn_organismo_oni
departamento_textil_unidad_intn_organismo_oni,Textil,unidad_intn_organismo_oni
departamento_textil_unidad_intn_organismo_oni,Textil,unidad_intn_organismo_oni
departamento_textil_unidad_intn_organismo_oni,Textil,unidad_intn_organismo_oni
departamento_textil_unidad_intn_organismo_oni,Textil,unidad_intn_organismo_oni
departamento_textil_unidad_intn_organismo_oni,Textil,unidad_intn_organismo_oni
departamento_textil_unidad_intn_organismo_oni,Textil,unidad_intn_organismo_oni
departamento_textil_unidad_intn_organismo_oni,Textil,unidad_intn_organismo_oni
departamento_textil_unidad_intn_organismo_oni,Textil,unidad_intn_organismo_oni
departamento_textil_unidad_intn_organismo_oni,Textil,unidad_intn_organismo_oni
departamento_textil_unidad_intn_organismo_oni,Textil,unidad_intn_organismo_oni
departamento_textil_unidad_intn_organismo_oni,Textil,unidad_intn_organismo_oni
departamento_textil_unidad_intn_organismo_oni,Textil,unidad_intn_organismo_oni
departamento_textil_unidad_intn_organismo_oni,Textil,unidad_intn_organismo_oni
departamento_textil_unidad_intn_organismo_oni,Textil,unidad_intn_organismo_oni
departamento_textil_unidad_intn_organismo_oni,Textil,unidad_intn_organismo_oni
departamento_textil_unidad_intn_organismo_oni,Textil,unidad_intn_organismo_oni
departamento_textil_unidad_intn_organismo_oni,Textil,unidad_intn_organismo_oni
departamento_textil_unidad_intn_organismo_oni,Textil,unidad_intn_organismo_oni
departamento_textil_unidad_intn_organismo_oni,Textil,unidad_intn_organismo_oni
departamento_textil_unidad_intn_organismo_oni,Textil,unidad_intn_organismo_oni
departamento_textil_unidad_intn_organismo_oni,Textil,unidad_intn_organismo_oni
departamento_textil_unidad_intn_organismo_oni,Textil,unidad_intn_organismo_oni
departamento_textil_unidad_intn_organismo_oni,Textil,unidad_intn_organismo_oni
departamento_textil_unidad_intn_organismo_oni,Textil,unidad_intn_organismo_oni
departamento_textil_unidad_intn_organismo_oni,Textil,unidad_intn_organismo_oni
departamento_textil_unidad_intn_organismo_oni,Textil,unidad_intn_organismo_oni
departamento_textil_unidad_intn_organismo_oni,Textil,unidad_intn_organismo_oni
departamento_textil_unidad_intn_organismo_oni,Textil,unidad_intn_organismo_oni
departamento_textil_unidad_intn_organismo_oni,Textil,unidad_intn_organismo_oni
departamento_textil_unidad_intn_organismo_oni,Textil,unidad_intn_organismo_oni
departamento_textil_unidad_intn_organismo_oni,Textil,unidad_intn_organismo_oni
departamento_textil_unidad_intn_organismo_oni,Textil,unidad_intn_organismo_oni
departamento_textil_unidad_intn_organismo_oni,Textil,unidad_intn_organismo_oni
departamento_textil_unidad_intn_organismo_oni,Textil,unidad_intn_organismo_oni
departamento_textil_unidad_intn_organismo_oni,Textil,unidad_intn_organismo_oni
departamento_textil_unidad_intn_organismo_oni,Textil,unidad_intn_organismo_oni
departamento_textil_unidad_intn_organismo_oni,Textil,unidad_intn_organismo_oni
departamento_textil_unidad_intn_organismo_oni,Textil,unidad_intn_organismo_oni
departamento_textil_unidad_intn_organismo_oni,Textil,unidad_intn_organismo_oni
departamento_textil_unidad_intn_organismo_oni,Textil,unidad_intn_organismo_oni
departamento_textil_unidad_intn_organismo_oni,Textil,unidad_intn_organismo_oni
departamento_textil_unidad_intn_organismo_oni,Textil,unidad_intn_organismo_oni
departamento_textil_unidad_intn_organismo_oni,Textil,unidad_intn_organismo_oni
departamento_textil_unidad_intn_organismo_oni,Textil,unidad_intn_organismo_oni
departamento_textil_unidad_intn_organismo_oni,Textil,unidad_intn_organismo_oni
departamento_textil_unidad_intn_organismo_oni,Textil,unidad_intn_organismo_oni
departamento_textil_unidad_intn_organismo_oni,Textil,unidad_intn_organismo_oni
departamento_textil_unidad_intn_organismo_oni,Textil,unidad_intn_organismo_oni
departamento_textil_unidad_intn_organismo_oni,Textil,unidad_intn_organismo_oni
departamento_textil_unidad_intn_organismo_oni,Textil,unidad_intn_organismo_oni
departamento_textil_unidad_intn_organismo_oni,Textil,unidad_intn_organismo_oni
departamento_textil_unidad_intn_organismo_oni,Textil,unidad_intn_organismo_oni
departamento_textil_unidad_intn_organismo_oni,Textil,unidad_intn_organismo_oni
departamento_textil_unidad_intn_organismo_oni,Textil,unidad_intn_organismo_oni
departamento_textil_unidad_intn_organismo_oni,Textil,unidad_intn_organismo_oni
departamento_textil_unidad_intn_organismo_oni,Textil,unidad_intn_organismo_oni
departamento_textil_unidad_intn_organismo_oni,Textil,unidad_intn_organismo_oni
departamento_textil_unidad_intn_organismo_oni,Textil,unidad_intn_organismo_oni
departamento_textil_unidad_intn_organismo_oni,Textil,unidad_intn_organismo_oni
