id,name
organismo_onc,ONC
organismo_onc,ONC
organismo_onc,ONC
organismo_onc,ONC
organismo_onc,ONC
organismo_onc,ONC
organismo_onc,ONC
organismo_onc,ONC
organismo_onc,ONC
organismo_onc,ONC
organismo_onc,ONC
organismo_onc,ONC
organismo_onc,ONC
organismo_onc,ONC
organismo_onc,ONC
organismo_onc,ONC
organismo_onc,ONC
organismo_onc,ONC
organismo_onc,ONC
organismo_onc,ONC
organismo_onc,ONC
organismo_onc,ONC
organismo_onc,ONC
organismo_onc,ONC
organismo_onc,ONC
organismo_onc,ONC
organismo_onc,ONC
organismo_onc,ONC
organismo_onc,ONC
organismo_onc,ONC
organismo_onc,ONC
organismo_onc,ONC
organismo_onc,ONC
organismo_onc,ONC
organismo_onc,ONC
organismo_onc,ONC
organismo_onc,ONC
organismo_onc,ONC
organismo_onc,ONC
organismo_onc,ONC
organismo_onc,ONC
organismo_onc,ONC
organismo_onc,ONC
organismo_onc,ONC
organismo_onc,ONC
organismo_onc,ONC
organismo_onc,ONC
organismo_onc,ONC
organismo_onc,ONC
organismo_onc,ONC
organismo_onc,ONC
organismo_onc,ONC
organismo_onc,ONC
organismo_onc,ONC
organismo_onc,ONC
organismo_onc,ONC
organismo_onc,ONC
organismo_onc,ONC
organismo_onc,ONC
organismo_onc,ONC
organismo_onc,ONC
organismo_onc,ONC
organismo_onc,ONC
organismo_onc,ONC
organismo_onc,ONC
organismo_onc,ONC
organismo_onc,ONC
organismo_onc,ONC
organismo_onc,ONC
organismo_onc,ONC
organismo_onc,ONC
organismo_onc,ONC
organismo_onc,ONC
organismo_onc,ONC
organismo_onc,ONC
organismo_onc,ONC
organismo_onc,ONC
organismo_onc,ONC
organismo_onc,ONC
organismo_onc,ONC
organismo_onc,ONC
organismo_onc,ONC
organismo_onc,ONC
organismo_onc,ONC
organismo_onc,ONC
organismo_onc,ONC
organismo_onc,ONC
organismo_onc,ONC
organismo_onc,ONC
organismo_onc,ONC
organismo_onc,ONC
organismo_onc,ONC
organismo_onc,ONC
organismo_onc,ONC
organismo_onc,ONC
organismo_onc,ONC
organismo_onc,ONC
organismo_onc,ONC
organismo_onc,ONC
organismo_onc,ONC
organismo_onc,ONC
organismo_onc,ONC
organismo_onc,ONC
organismo_onc,ONC
organismo_onc,ONC
organismo_onc,ONC
organismo_onc,ONC
organismo_onc,ONC
organismo_onc,ONC
organismo_onc,ONC
organismo_onc,ONC
organismo_onc,ONC
organismo_onc,ONC
organismo_onc,ONC
organismo_oni,ONI
organismo_oni,ONI
organismo_oni,ONI
organismo_oni,ONI
organismo_oni,ONI
organismo_oni,ONI
organismo_oni,ONI
organismo_oni,ONI
organismo_oni,ONI
organismo_oni,ONI
organismo_oni,ONI
organismo_oni,ONI
organismo_oni,ONI
organismo_oni,ONI
organismo_oni,ONI
organismo_oni,ONI
organismo_oni,ONI
organismo_oni,ONI
organismo_oni,ONI
organismo_oni,ONI
organismo_oni,ONI
organismo_oni,ONI
organismo_oni,ONI
organismo_oni,ONI
organismo_oni,ONI
organismo_oni,ONI
organismo_oni,ONI
organismo_oni,ONI
organismo_oni,ONI
organismo_oni,ONI
organismo_oni,ONI
organismo_oni,ONI
organismo_oni,ONI
organismo_oni,ONI
organismo_oni,ONI
organismo_oni,ONI
organismo_oni,ONI
organismo_oni,ONI
organismo_oni,ONI
organismo_oni,ONI
organismo_oni,ONI
organismo_oni,ONI
organismo_oni,ONI
organismo_oni,ONI
organismo_oni,ONI
organismo_oni,ONI
organismo_oni,ONI
organismo_oni,ONI
organismo_oni,ONI
organismo_oni,ONI
organismo_oni,ONI
organismo_oni,ONI
organismo_oni,ONI
organismo_oni,ONI
organismo_oni,ONI
organismo_oni,ONI
organismo_oni,ONI
organismo_oni,ONI
organismo_oni,ONI
organismo_oni,ONI
organismo_oni,ONI
organismo_oni,ONI
organismo_oni,ONI
organismo_oni,ONI
organismo_oni,ONI
organismo_oni,ONI
organismo_oni,ONI
organismo_oni,ONI
organismo_oni,ONI
organismo_oni,ONI
organismo_oni,ONI
organismo_oni,ONI
organismo_oni,ONI
organismo_oni,ONI
organismo_oni,ONI
organismo_oni,ONI
organismo_oni,ONI
organismo_oni,ONI
organismo_oni,ONI
organismo_oni,ONI
organismo_oni,ONI
organismo_oni,ONI
organismo_oni,ONI
organismo_oni,ONI
organismo_oni,ONI
organismo_oni,ONI
organismo_oni,ONI
organismo_oni,ONI
organismo_oni,ONI
organismo_oni,ONI
organismo_oni,ONI
organismo_oni,ONI
organismo_oni,ONI
organismo_oni,ONI
organismo_oni,ONI
organismo_oni,ONI
organismo_oni,ONI
organismo_oni,ONI
organismo_oni,ONI
organismo_oni,ONI
organismo_oni,ONI
organismo_oni,ONI
organismo_oni,ONI
organismo_oni,ONI
organismo_oni,ONI
organismo_oni,ONI
organismo_oni,ONI
organismo_oni,ONI
organismo_oni,ONI
organismo_oni,ONI
organismo_oni,ONI
organismo_oni,ONI
organismo_oni,ONI
organismo_oni,ONI
organismo_oni,ONI
organismo_oni,ONI
organismo_oni,ONI
organismo_oni,ONI
organismo_oni,ONI
organismo_oni,ONI
organismo_oni,ONI
organismo_oni,ONI
organismo_oni,ONI
organismo_oni,ONI
organismo_oni,ONI
organismo_oni,ONI
organismo_oni,ONI
organismo_oni,ONI
organismo_oni,ONI
organismo_oni,ONI
organismo_oni,ONI
organismo_oni,ONI
organismo_oni,ONI
organismo_oni,ONI
organismo_oni,ONI
organismo_oni,ONI
organismo_oni,ONI
organismo_oni,ONI
organismo_oni,ONI
organismo_oni,ONI
organismo_oni,ONI
organismo_oni,ONI
organismo_oni,ONI
organismo_oni,ONI
organismo_oni,ONI
organismo_oni,ONI
organismo_oni,ONI
organismo_oni,ONI
organismo_oni,ONI
organismo_oni,ONI
organismo_oni,ONI
organismo_oni,ONI
organismo_oni,ONI
organismo_oni,ONI
organismo_oni,ONI
organismo_oni,ONI
organismo_oni,ONI
organismo_oni,ONI
organismo_oni,ONI
organismo_oni,ONI
organismo_oni,ONI
organismo_oni,ONI
organismo_oni,ONI
organismo_oni,ONI
organismo_oni,ONI
organismo_oni,ONI
organismo_oni,ONI
organismo_oni,ONI
organismo_oni,ONI
organismo_oni,ONI
organismo_oni,ONI
organismo_oni,ONI
organismo_oni,ONI
organismo_oni,ONI
organismo_oni,ONI
organismo_oni,ONI
organismo_oni,ONI
organismo_oni,ONI
organismo_oni,ONI
organismo_oni,ONI
organismo_oni,ONI
organismo_oni,ONI
organismo_oni,ONI
organismo_oni,ONI
organismo_oni,ONI
organismo_oni,ONI
organismo_oni,ONI
organismo_oni,ONI
organismo_oni,ONI
organismo_oni,ONI
organismo_oni,ONI
organismo_oni,ONI
organismo_oni,ONI
organismo_oni,ONI
organismo_oni,ONI
organismo_oni,ONI
organismo_oni,ONI
organismo_oni,ONI
organismo_oni,ONI
organismo_oni,ONI
organismo_oni,ONI
organismo_oni,ONI
organismo_oni,ONI
organismo_oni,ONI
organismo_oni,ONI
organismo_oni,ONI
organismo_oni,ONI
organismo_oni,ONI
organismo_oni,ONI
organismo_oni,ONI
organismo_oni,ONI
organismo_oni,ONI
organismo_oni,ONI
organismo_oni,ONI
organismo_oni,ONI
organismo_oni,ONI
organismo_oni,ONI
organismo_oni,ONI
organismo_oni,ONI
organismo_oni,ONI
organismo_oni,ONI
organismo_oni,ONI
organismo_oni,ONI
organismo_oni,ONI
organismo_oni,ONI
organismo_oni,ONI
organismo_oni,ONI
organismo_oni,ONI
organismo_oni,ONI
organismo_oni,ONI
organismo_oni,ONI
organismo_oni,ONI
organismo_oni,ONI
organismo_oni,ONI
organismo_oni,ONI
organismo_oni,ONI
organismo_oni,ONI
organismo_oni,ONI
organismo_oni,ONI
organismo_oni,ONI
organismo_oni,ONI
organismo_oni,ONI
organismo_oni,ONI
organismo_oni,ONI
organismo_oni,ONI
organismo_oni,ONI
organismo_oni,ONI
organismo_oni,ONI
organismo_oni,ONI
organismo_oni,ONI
organismo_oni,ONI
organismo_oni,ONI
organismo_oni,ONI
organismo_oni,ONI
organismo_oni,ONI
organismo_oni,ONI
organismo_oni,ONI
organismo_oni,ONI
organismo_oni,ONI
organismo_oni,ONI
organismo_oni,ONI
organismo_oni,ONI
organismo_oni,ONI
organismo_oni,ONI
organismo_oni,ONI
organismo_oni,ONI
organismo_oni,ONI
organismo_oni,ONI
organismo_oni,ONI
organismo_oni,ONI
organismo_oni,ONI
organismo_oni,ONI
organismo_oni,ONI
organismo_oni,ONI
organismo_oni,ONI
organismo_oni,ONI
organismo_oni,ONI
organismo_oni,ONI
organismo_oni,ONI
organismo_oni,ONI
organismo_oni,ONI
organismo_oni,ONI
organismo_oni,ONI
organismo_oni,ONI
organismo_oni,ONI
organismo_oni,ONI
organismo_oni,ONI
organismo_oni,ONI
organismo_oni,ONI
organismo_oni,ONI
organismo_oni,ONI
organismo_oni,ONI
organismo_oni,ONI
organismo_oni,ONI
organismo_oni,ONI
organismo_oni,ONI
organismo_oni,ONI
organismo_oni,ONI
organismo_oni,ONI
organismo_oni,ONI
organismo_oni,ONI
organismo_oni,ONI
organismo_oni,ONI
organismo_oni,ONI
organismo_oni,ONI
organismo_oni,ONI
organismo_oni,ONI
organismo_oni,ONI
organismo_oni,ONI
organismo_oni,ONI
organismo_oni,ONI
organismo_oni,ONI
organismo_oni,ONI
organismo_oni,ONI
organismo_oni,ONI
organismo_oni,ONI
organismo_oni,ONI
organismo_oni,ONI
organismo_oni,ONI
organismo_oni,ONI
organismo_oni,ONI
organismo_oni,ONI
organismo_oni,ONI
organismo_oni,ONI
organismo_oni,ONI
organismo_oni,ONI
organismo_oni,ONI
organismo_oni,ONI
organismo_oni,ONI
organismo_oni,ONI
organismo_oni,ONI
organismo_oni,ONI
organismo_oni,ONI
organismo_oni,ONI
organismo_oni,ONI
organismo_oni,ONI
organismo_oni,ONI
organismo_oni,ONI
organismo_oni,ONI
organismo_oni,ONI
organismo_oni,ONI
organismo_oni,ONI
organismo_oni,ONI
organismo_oni,ONI
organismo_oni,ONI
organismo_oni,ONI
organismo_oni,ONI
organismo_oni,ONI
organismo_oni,ONI
organismo_oni,ONI
organismo_oni,ONI
organismo_oni,ONI
organismo_oni,ONI
organismo_oni,ONI
organismo_oni,ONI
organismo_oni,ONI
organismo_oni,ONI
organismo_oni,ONI
organismo_oni,ONI
organismo_oni,ONI
organismo_oni,ONI
organismo_oni,ONI
organismo_oni,ONI
organismo_oni,ONI
organismo_oni,ONI
organismo_oni,ONI
organismo_oni,ONI
organismo_oni,ONI
organismo_oni,ONI
organismo_oni,ONI
organismo_oni,ONI
organismo_oni,ONI
organismo_oni,ONI
organismo_oni,ONI
organismo_oni,ONI
organismo_oni,ONI
organismo_oni,ONI
organismo_oni,ONI
organismo_oni,ONI
organismo_oni,ONI
organismo_oni,ONI
organismo_oni,ONI
organismo_oni,ONI
organismo_oni,ONI
organismo_oni,ONI
organismo_oni,ONI
organismo_oni,ONI
organismo_oni,ONI
organismo_oni,ONI
organismo_oni,ONI
organismo_oni,ONI
organismo_oni,ONI
organismo_oni,ONI
organismo_oni,ONI
organismo_oni,ONI
organismo_oni,ONI
organismo_oni,ONI
