"id","name","user_type_id/id","group_id/id","code","chart_template_id/id","reconcile"
"__coapy__1","RECAUDACIONES A DEPOSITAR","account.data_account_type_liquidity","grupo_cuenta_1_01_01",1,"py_chart_template","False"
"__coapy__2","CAJA","account.data_account_type_liquidity","grupo_cuenta_1_01_01",2,"py_chart_template","False"
"__coapy__3","FONDOS FIJOS ","account.data_account_type_liquidity","grupo_cuenta_1_01_01",3,"py_chart_template","False"
"__coapy__4","BANCOS","account.data_account_type_liquidity","grupo_cuenta_1_01_01",4,"py_chart_template","False"
"__coapy__5","TRANSFERENCIAS DE EFECTIVO","account.data_account_type_liquidity","grupo_cuenta_1_01_01",5,"py_chart_template","True"
"__coapy__6","INVERSIONES FINANCIERAS","account.data_account_type_current_assets","grupo_cuenta_1_01_02",1,"py_chart_template","False"
"__coapy__7","INVERSIONES EN ENTIDADES VINCULADAS","account.data_account_type_current_assets","grupo_cuenta_1_01_02",2,"py_chart_template","False"
"__coapy__8","OTRAS INVERSIONES","account.data_account_type_current_assets","grupo_cuenta_1_01_02",3,"py_chart_template","False"
"__coapy__9","INTERESES, REGALÍAS Y OTROS RENDIMIENTOS DE INVERSIONES","account.data_account_type_current_assets","grupo_cuenta_1_01_02",4,"py_chart_template","False"
"__coapy__10","DEUDORES POR VENTAS","account.data_account_type_receivable","grupo_cuenta_1_01_03",1,"py_chart_template","True"
"__coapy__11","DEUDORES POR PRÉSTAMOS","account.data_account_type_receivable","grupo_cuenta_1_01_03",2,"py_chart_template","True"
"__coapy__12","CUENTAS A COBRAR A DIRECTORES Y FUNCIONARIOS ","account.data_account_type_receivable","grupo_cuenta_1_01_03",3,"py_chart_template","True"
"__coapy__13","CUENTAS A COBRAR A SOCIOS O A ENTIDADES VINCULADAS","account.data_account_type_receivable","grupo_cuenta_1_01_03",5,"py_chart_template","True"
"__coapy__15","ANTICIPOS Y RETENCIONES DE IMPUESTO A LA RENTA ","account.data_account_type_current_assets","grupo_cuenta_1_01_03",6,"py_chart_template","False"
"__coapy__16","RETENCIONES DE IVA","account.data_account_type_current_assets","grupo_cuenta_1_01_03",7,"py_chart_template","False"
"__coapy__17","IVA - CRÉDITO FISCAL ","account.data_account_type_current_assets","grupo_cuenta_1_01_03",8,"py_chart_template","False"
"__coapy__18","IVA - CRÉDITO FISCAL - RÉGIMEN DE TURISMO","account.data_account_type_current_assets","grupo_cuenta_1_01_03",9,"py_chart_template","False"
"__coapy__20","ANTICIPOS A PROVEEDORES LOCALES","account.data_account_type_prepayments","grupo_cuenta_1_01_03",11,"py_chart_template","False"
"__coapy__21","ANTICIPOS A PROVEEDORES DEL EXTERIOR","account.data_account_type_prepayments","grupo_cuenta_1_01_03",12,"py_chart_template","False"
"__coapy__22","(-) PREVISIÓN PARA CRÉDITOS DE DUDOSO COBRO","account.data_account_type_prepayments","grupo_cuenta_1_01_03",99,"py_chart_template","False"
"__coapy__23","MERCADERÍAS ","account.data_account_type_current_assets","grupo_cuenta_1_01_04",1,"py_chart_template","False"
"__coapy__24","MERCADERÍAS GRAVADAS POR EL IVA AL 10%","account.data_account_type_current_assets","grupo_cuenta_1_01_04",2,"py_chart_template","False"
"__coapy__25","MERCADERÍAS GRAVADAS POR EL IVA AL 5%","account.data_account_type_current_assets","grupo_cuenta_1_01_04",3,"py_chart_template","False"
"__coapy__26","MERCADERÍAS EXENTAS DEL IVA","account.data_account_type_current_assets","grupo_cuenta_1_01_04",4,"py_chart_template","False"
"__coapy__27","MERCADERÍAS REGÍMENES ESPECIALES","account.data_account_type_current_assets","grupo_cuenta_1_01_04",5,"py_chart_template","False"
"__coapy__28","MERCADERÍAS RÉGIMEN DE TURISMO","account.data_account_type_current_assets","grupo_cuenta_1_01_04",6,"py_chart_template","False"
"__coapy__29","MERCADERÍAS ZONA FRANCA","account.data_account_type_current_assets","grupo_cuenta_1_01_04",7,"py_chart_template","False"
"__coapy__30","MERCADERÍAS RÉGIMEN DE MAQUILA","account.data_account_type_current_assets","grupo_cuenta_1_01_04",8,"py_chart_template","False"
"__coapy__31","MERCADERÍAS OTROS REGÍMENES ESPECIALES ","account.data_account_type_current_assets","grupo_cuenta_1_01_04",9,"py_chart_template","False"
"__coapy__32","PRODUCTOS TERMINADOS","account.data_account_type_current_assets","grupo_cuenta_1_01_04",10,"py_chart_template","False"
"__coapy__33","PRODUCTOS TERMINADOS GRAVADOS POR EL IVA AL 10%","account.data_account_type_current_assets","grupo_cuenta_1_01_04",11,"py_chart_template","False"
"__coapy__34","PRODUCTOS TERMINADOS GRAVADOS POR EL IVA AL 5%","account.data_account_type_current_assets","grupo_cuenta_1_01_04",12,"py_chart_template","False"
"__coapy__35","PRODUCTOS TERMINADOS EXENTOS DEL IVA","account.data_account_type_current_assets","grupo_cuenta_1_01_04",13,"py_chart_template","False"
"__coapy__36","PRODUCTOS EN PROCESO","account.data_account_type_current_assets","grupo_cuenta_1_01_04",14,"py_chart_template","False"
"__coapy__37","MATERIAS PRIMAS ","account.data_account_type_current_assets","grupo_cuenta_1_01_04",15,"py_chart_template","False"
"__coapy__38","MATERIALES, SUMINISTROS Y REPUESTOS","account.data_account_type_current_assets","grupo_cuenta_1_01_04",16,"py_chart_template","False"
"__coapy__39","PRODUCTOS AGRÍCOLAS","account.data_account_type_current_assets","grupo_cuenta_1_01_04",17,"py_chart_template","False"
"__coapy__40","PRODUCTOS FORESTALES ","account.data_account_type_current_assets","grupo_cuenta_1_01_04",18,"py_chart_template","False"
"__coapy__41","ACTIVOS BIOLÓGICOS EN PRODUCCIÓN ","account.data_account_type_current_assets","grupo_cuenta_1_01_04",19,"py_chart_template","False"
"__coapy__42","ACTIVOS BIOLÓGICOS EN DESARROLLO","account.data_account_type_current_assets","grupo_cuenta_1_01_04",20,"py_chart_template","False"
"__coapy__43","IMPORTACIONES EN CURSO","account.data_account_type_current_assets","grupo_cuenta_1_01_04",21,"py_chart_template","False"
"__coapy__44","STOCK ENTRANTE","account.data_account_type_current_assets","grupo_cuenta_1_01_04",22,"py_chart_template","True"
"__coapy__45","STOCK SALIENTE","account.data_account_type_current_assets","grupo_cuenta_1_01_04",23,"py_chart_template","True"
"__coapy__46","(-) PREVISIÓN POR DEVALUACIÓN DE INVENTARIOS","account.data_account_type_current_assets","grupo_cuenta_1_01_04",99,"py_chart_template","False"
"__coapy__47","ALQUILERES PAGADOS POR ADELANTADO","account.data_account_type_prepayments","grupo_cuenta_1_01_05",1,"py_chart_template","False"
"__coapy__48","SEGUROS A DEVENGAR","account.data_account_type_current_assets","grupo_cuenta_1_01_05",2,"py_chart_template","False"
"__coapy__49","DEUDORES POR VENTAS","account.data_account_type_non_current_assets","grupo_cuenta_1_02_01",1,"py_chart_template","False"
"__coapy__50","DEUDORES POR PRÉSTAMOS","account.data_account_type_non_current_assets","grupo_cuenta_1_02_01",2,"py_chart_template","False"
"__coapy__51","CUENTAS A COBRAR A DIRECTORES Y FUNCIONARIOS ","account.data_account_type_non_current_assets","grupo_cuenta_1_02_01",3,"py_chart_template","False"
"__coapy__52","CUENTAS A COBRAR A SOCIOS O ENTIDADES VINCULADAS","account.data_account_type_non_current_assets","grupo_cuenta_1_02_01",4,"py_chart_template","False"
"__coapy__53","DEUDORES EN GESTIÓN DE COBRO – MOROSOS O SIMILARES","account.data_account_type_non_current_assets","grupo_cuenta_1_02_01",5,"py_chart_template","False"
"__coapy__54","ANTICIPOS A PROVEEDORES","account.data_account_type_non_current_assets","grupo_cuenta_1_02_01",6,"py_chart_template","False"
"__coapy__55","ANTICIPOS A PROVEEDORES LOCALES","account.data_account_type_non_current_assets","grupo_cuenta_1_02_01",7,"py_chart_template","False"
"__coapy__56","ANTICIPOS A PROVEEDORES DEL EXTERIOR","account.data_account_type_non_current_assets","grupo_cuenta_1_02_01",8,"py_chart_template","False"
"__coapy__57","CRÉDITOS POR IMPUESTOS DIFERIDOS ","account.data_account_type_non_current_assets","grupo_cuenta_1_02_01",9,"py_chart_template","False"
"__coapy__58","(-) PREVISIÓN PARA CRÉDITOS DE DUDOSO COBRO","account.data_account_type_non_current_assets","grupo_cuenta_1_02_01",99,"py_chart_template","False"
"__coapy__59","ACTIVOS BIOLÓGICOS EN PRODUCCIÓN","account.data_account_type_non_current_assets","grupo_cuenta_1_02_02",1,"py_chart_template","False"
"__coapy__60","ACTIVOS BIOLÓGICOS EN DESARROLLO","account.data_account_type_non_current_assets","grupo_cuenta_1_02_02",2,"py_chart_template","False"
"__coapy__61","(-) PREVISIÓN POR DEVALUACIÓN DE ACTIVOS BIOLÓGICOS","account.data_account_type_non_current_assets","grupo_cuenta_1_02_02",99,"py_chart_template","False"
"__coapy__62","INVERSIONES FINANCIERAS","account.data_account_type_non_current_assets","grupo_cuenta_1_02_03",1,"py_chart_template","False"
"__coapy__63","INVERSIONES EN ENTIDADES VINCULADAS","account.data_account_type_non_current_assets","grupo_cuenta_1_02_03",2,"py_chart_template","False"
"__coapy__64","INVERSIONES INMOBILIARIAS","account.data_account_type_non_current_assets","grupo_cuenta_1_02_03",3,"py_chart_template","False"
"__coapy__65","OTRAS INVERSIONES","account.data_account_type_non_current_assets","grupo_cuenta_1_02_03",4,"py_chart_template","False"
"__coapy__66","INTERESES, REGALÍAS Y OTROS RENDIMIENTOS DE INVERSIONES","account.data_account_type_non_current_assets","grupo_cuenta_1_02_03",5,"py_chart_template","False"
"__coapy__67","(-) PREVISIÓN POR DEVALUACIÓN DE INVERSIONES","account.data_account_type_non_current_assets","grupo_cuenta_1_02_03",99,"py_chart_template","False"
"__coapy__68","INMUEBLES","account.data_account_type_fixed_assets","grupo_cuenta_1_02_04",1,"py_chart_template","False"
"__coapy__69","RODADOS /TRANSPORTES","account.data_account_type_fixed_assets","grupo_cuenta_1_02_04",2,"py_chart_template","False"
"__coapy__70","MUEBLES, ÚTILES Y ENSERES","account.data_account_type_fixed_assets","grupo_cuenta_1_02_04",3,"py_chart_template","False"
"__coapy__71","MAQUINARIAS ","account.data_account_type_fixed_assets","grupo_cuenta_1_02_04",4,"py_chart_template","False"
"__coapy__72","EQUIPOS","account.data_account_type_fixed_assets","grupo_cuenta_1_02_04",5,"py_chart_template","False"
"__coapy__73","HERRAMIENTAS","account.data_account_type_fixed_assets","grupo_cuenta_1_02_04",6,"py_chart_template","False"
"__coapy__74","BIENES FUERA DE OPERACIÓN","account.data_account_type_fixed_assets","grupo_cuenta_1_02_04",7,"py_chart_template","False"
"__coapy__75","MEJORAS EN PREDIO AJENO ","account.data_account_type_fixed_assets","grupo_cuenta_1_02_04",8,"py_chart_template","False"
"__coapy__76","BIENES INCORPORADOS AL AMPARO DE LA LEY N° 60/90","account.data_account_type_fixed_assets","grupo_cuenta_1_02_04",97,"py_chart_template","False"
"__coapy__77","BIENES EN ARRENDAMIENTO FINANCIERO","account.data_account_type_fixed_assets","grupo_cuenta_1_02_04",98,"py_chart_template","False"
"__coapy__78","(-) DEPRECIACIÓN ACUMULADA","account.data_account_type_fixed_assets","grupo_cuenta_1_02_04",99,"py_chart_template","False"
"__coapy__79","DERECHOS FIDUCIARIOS","account.data_account_type_non_current_assets","grupo_cuenta_1_02_05",1,"py_chart_template","False"
"__coapy__80","GASTOS DE CONSTITUCIÓN ","account.data_account_type_non_current_assets","grupo_cuenta_1_02_06",1,"py_chart_template","False"
"__coapy__81","GASTOS DE ORGANIZACIÓN ","account.data_account_type_non_current_assets","grupo_cuenta_1_02_06",2,"py_chart_template","False"
"__coapy__82","GASTOS DE DESARROLLO ","account.data_account_type_non_current_assets","grupo_cuenta_1_02_06",3,"py_chart_template","False"
"__coapy__83","GASTOS DE PROYECTOS DE INVERSIÓN","account.data_account_type_non_current_assets","grupo_cuenta_1_02_06",4,"py_chart_template","False"
"__coapy__84","(-) AMORTIZACIÓN ACUMULADA","account.data_account_type_non_current_assets","grupo_cuenta_1_02_06",99,"py_chart_template","False"
"__coapy__85","LICENCIAS, MARCAS Y PATENTES","account.data_account_type_non_current_assets","grupo_cuenta_1_02_07",1,"py_chart_template","False"
"__coapy__86","FRANQUICIAS","account.data_account_type_non_current_assets","grupo_cuenta_1_02_07",2,"py_chart_template","False"
"__coapy__87","(-) AMORTIZACIÓN ACUMULADA","account.data_account_type_non_current_assets","grupo_cuenta_1_02_07",99,"py_chart_template","False"
"__coapy__88","PROVEEDORES LOCALES","account.data_account_type_payable","grupo_cuenta_2_01_01",1,"py_chart_template","True"
"__coapy__89","PROVEEDORES DEL EXTERIOR","account.data_account_type_payable","grupo_cuenta_2_01_01",2,"py_chart_template","True"
"__coapy__90","INTERESES A PAGAR A PROVEEDORES","account.data_account_type_payable","grupo_cuenta_2_01_01",3,"py_chart_template","True"
"__coapy__91","OTROS ACREEDORES","account.data_account_type_payable","grupo_cuenta_2_01_01",4,"py_chart_template","True"
"__coapy__92","PRÉSTAMOS DE BANCOS Y OTRAS ENTIDADES FINANCIERAS","account.data_account_type_current_liabilities","grupo_cuenta_2_01_02",1,"py_chart_template","False"
"__coapy__93","PRÉSTAMOS DEL DUEÑO, SOCIOS O  ENTIDADES VINCULADAS","account.data_account_type_current_liabilities","grupo_cuenta_2_01_02",2,"py_chart_template","False"
"__coapy__94","ARRENDAMIENTOS FINANCIEROS","account.data_account_type_current_liabilities","grupo_cuenta_2_01_02",3,"py_chart_template","False"
"__coapy__95","OTROS PRÉSTAMOS A PAGAR","account.data_account_type_current_liabilities","grupo_cuenta_2_01_02",4,"py_chart_template","False"
"__coapy__96","INTERESES A PAGAR","account.data_account_type_current_liabilities","grupo_cuenta_2_01_02",5,"py_chart_template","False"
"__coapy__98","IMPUESTO A LA RENTA A PAGAR","account.data_account_type_current_liabilities","grupo_cuenta_2_01_03",1,"py_chart_template","False"
"__coapy__99","IVA - DEBITO FISCAL","account.data_account_type_current_liabilities","grupo_cuenta_2_01_03",2,"py_chart_template","False"
"__coapy__100","RETENCIONES DE IMPUESTOS A INGRESAR","account.data_account_type_current_liabilities","grupo_cuenta_2_01_03",3,"py_chart_template","False"
"__coapy__101","OBLIGACIONES LABORALES Y CARGAS SOCIALES","account.data_account_type_current_liabilities","grupo_cuenta_2_01_03",4,"py_chart_template","False"
"__coapy__102","DIVIDENDOS A PAGAR","account.data_account_type_current_liabilities","grupo_cuenta_2_01_03",5,"py_chart_template","False"
"__coapy__103","PASIVOS FIDUCIARIOS","account.data_account_type_current_liabilities","grupo_cuenta_2_01_03",6,"py_chart_template","False"
"__coapy__104","OBLIGACIONES POR GARANTÍAS OTORGADAS","account.data_account_type_current_liabilities","grupo_cuenta_2_01_04",1,"py_chart_template","False"
"__coapy__105","OBLIGACIONES LEGALES POR LITIGIOS","account.data_account_type_current_liabilities","grupo_cuenta_2_01_04",2,"py_chart_template","False"
"__coapy__106","PROVISIÓN PARA BENEFICIOS A EMPLEADOS","account.data_account_type_current_liabilities","grupo_cuenta_2_01_04",3,"py_chart_template","False"
"__coapy__107","ANTICIPOS DE CLIENTES","account.data_account_type_current_liabilities","grupo_cuenta_2_01_05",1,"py_chart_template","False"
"__coapy__108","SUBVENCIONES","account.data_account_type_current_liabilities","grupo_cuenta_2_01_05",2,"py_chart_template","False"
"__coapy__109","DERECHOS DE FIDELIZACIÓN DE CLIENTES","account.data_account_type_current_liabilities","grupo_cuenta_2_01_05",3,"py_chart_template","False"
"__coapy__110","ALQUILERES COBRADOS POR ADELANTADO","account.data_account_type_current_liabilities","grupo_cuenta_2_01_05",4,"py_chart_template","False"
"__coapy__111","PROVEEDORES LOCALES","account.data_account_type_non_current_liabilities","grupo_cuenta_2_02_01",1,"py_chart_template","False"
"__coapy__112","PROVEEDORES DEL EXTERIOR","account.data_account_type_non_current_liabilities","grupo_cuenta_2_02_01",2,"py_chart_template","False"
"__coapy__113","INTERESES A  PAGAR A PROVEEDORES ","account.data_account_type_non_current_liabilities","grupo_cuenta_2_02_01",3,"py_chart_template","False"
"__coapy__114","OTROS ACREEDORES ","account.data_account_type_non_current_liabilities","grupo_cuenta_2_02_01",4,"py_chart_template","False"
"__coapy__115","PRÉSTAMOS DE BANCOS Y OTRAS ENTIDADES FINANCIERAS","account.data_account_type_non_current_liabilities","grupo_cuenta_2_02_02",1,"py_chart_template","False"
"__coapy__116","PRÉSTAMOS DEL DUEÑO, SOCIOS O  ENTIDADES VINCULADAS","account.data_account_type_non_current_liabilities","grupo_cuenta_2_02_02",2,"py_chart_template","False"
"__coapy__117","ARRENDAMIENTOS FINANCIEROS","account.data_account_type_non_current_liabilities","grupo_cuenta_2_02_02",3,"py_chart_template","False"
"__coapy__118","OTROS PRÉSTAMOS ","account.data_account_type_non_current_liabilities","grupo_cuenta_2_02_02",4,"py_chart_template","False"
"__coapy__119","INTERESES A PAGAR","account.data_account_type_non_current_liabilities","grupo_cuenta_2_02_02",5,"py_chart_template","False"
"__coapy__120","PASIVOS POR IMPUESTOS DIFERIDOS ","account.data_account_type_non_current_liabilities","grupo_cuenta_2_02_03",1,"py_chart_template","False"
"__coapy__121","PASIVOS FIDUCIARIOS","account.data_account_type_non_current_liabilities","grupo_cuenta_2_02_03",2,"py_chart_template","False"
"__coapy__122","OBLIGACIONES POR GARANTÍAS OTORGADAS","account.data_account_type_non_current_liabilities","grupo_cuenta_2_02_04",1,"py_chart_template","False"
"__coapy__123","OBLIGACIONES LEGALES POR LITIGIOS PENDIENTES","account.data_account_type_non_current_liabilities","grupo_cuenta_2_02_04",2,"py_chart_template","False"
"__coapy__124","PROVISIONES PARA BENEFICIOS A EMPLEADOS","account.data_account_type_non_current_liabilities","grupo_cuenta_2_02_04",3,"py_chart_template","False"
"__coapy__125","ANTICIPOS DE CLIENTES","account.data_account_type_non_current_liabilities","grupo_cuenta_2_02_05",1,"py_chart_template","False"
"__coapy__126","SUBVENCIONES","account.data_account_type_non_current_liabilities","grupo_cuenta_2_02_05",2,"py_chart_template","False"
"__coapy__127","DERECHO DE FIDELIZACIÓN DE CLIENTES","account.data_account_type_non_current_liabilities","grupo_cuenta_2_02_05",3,"py_chart_template","False"
"__coapy__128","ALQUILERES COBRADOS POR ADELANTADO","account.data_account_type_non_current_liabilities","grupo_cuenta_2_02_05",4,"py_chart_template","False"
"__coapy__130","CAPITAL SUSCRIPTO","account.data_account_type_equity","grupo_cuenta_3_01",1,"py_chart_template","False"
"__coapy__131","(-) CAPITAL A INTEGRAR","account.data_account_type_equity","grupo_cuenta_3_01",2,"py_chart_template","False"
"__coapy__132","RESERVA LEGAL","account.data_account_type_equity","grupo_cuenta_3_02",1,"py_chart_template","False"
"__coapy__134","RESERVA DE REVALÚO FISCAL","account.data_account_type_equity","grupo_cuenta_3_02",2,"py_chart_template","False"
"__coapy__135","RESERVA DE REVALÚO TÉCNICO","account.data_account_type_equity","grupo_cuenta_3_02",3,"py_chart_template","False"
"__coapy__136","OTRAS RESERVAS","account.data_account_type_equity","grupo_cuenta_3_02",4,"py_chart_template","False"
"__coapy__137","RESULTADOS ACUMULADOS","account.data_account_type_equity","grupo_cuenta_3_03",1,"py_chart_template","False"
"__coapy__138","RESULTADO DEL EJERCICIO","account.data_unaffected_earnings","grupo_cuenta_3_03",2,"py_chart_template","False"
"__coapy__139","VENTAS DE MERCADERÍAS","account.data_account_type_revenue","grupo_cuenta_4",1,"py_chart_template","False"
"__coapy__140","VENTAS DE MERCADERÍAS GRAVADAS POR EL IVA","account.data_account_type_revenue","grupo_cuenta_4",2,"py_chart_template","False"
"__coapy__141","VENTAS DE MERCADERÍAS EXENTAS DEL IVA","account.data_account_type_revenue","grupo_cuenta_4",3,"py_chart_template","False"
"__coapy__142","VENTAS DE PRODUCTOS AGRÍCOLAS","account.data_account_type_revenue","grupo_cuenta_4",4,"py_chart_template","False"
"__coapy__143","VENTAS DE SOJA Y SUS DERIVADOS ","account.data_account_type_revenue","grupo_cuenta_4",5,"py_chart_template","False"
"__coapy__144","VENTAS DE MAÍZ","account.data_account_type_revenue","grupo_cuenta_4",6,"py_chart_template","False"
"__coapy__145","VENTAS DE TRIGO","account.data_account_type_revenue","grupo_cuenta_4",7,"py_chart_template","False"
"__coapy__146","OTROS PRODUCTOS AGRÍCOLAS","account.data_account_type_revenue","grupo_cuenta_4",8,"py_chart_template","False"
"__coapy__147","VENTAS DE GANADO","account.data_account_type_revenue","grupo_cuenta_4",9,"py_chart_template","False"
"__coapy__148","VENTAS DE PRODUCTOS FRUTÍCOLAS Y HORTÍCOLAS","account.data_account_type_revenue","grupo_cuenta_4",10,"py_chart_template","False"
"__coapy__149","VENTAS DE PRODUCTOS DE LA EXPLOTACIÓN FORESTAL","account.data_account_type_revenue","grupo_cuenta_4",11,"py_chart_template","False"
"__coapy__150","EXPORTACIONES DE PRODUCTOS AGRÍCOLAS EXPORTADOS","account.data_account_type_revenue","grupo_cuenta_4",12,"py_chart_template","False"
"__coapy__151","EXPORTACIONES DE SOJA Y SUS DERIVADOS","account.data_account_type_revenue","grupo_cuenta_4",13,"py_chart_template","False"
"__coapy__152","EXPORTACIONES A EMPRESAS VINCULADAS","account.data_account_type_revenue","grupo_cuenta_4",14,"py_chart_template","False"
"__coapy__153","EXPORTACIONES A TERCEROS NO VINCULADOS","account.data_account_type_revenue","grupo_cuenta_4",15,"py_chart_template","False"
"__coapy__154","EXPORTACIONES DE OTROS PRODUCTOS AGRÍCOLAS","account.data_account_type_revenue","grupo_cuenta_4",16,"py_chart_template","False"
"__coapy__155","EXPORTACIONES DE BIENES INDUSTRIALIZADOS","account.data_account_type_revenue","grupo_cuenta_4",17,"py_chart_template","False"
"__coapy__156","EXPORTACIONES DE PRODUCTOS FARMACÉUTICOS","account.data_account_type_revenue","grupo_cuenta_4",18,"py_chart_template","False"
"__coapy__157","EXPORTACIONES DE MAQUINARIAS Y EQUIPOS","account.data_account_type_revenue","grupo_cuenta_4",19,"py_chart_template","False"
"__coapy__158","EXPORTACIONES DE OTROS PRODUCTOS INDUSTRIALIZADOS","account.data_account_type_revenue","grupo_cuenta_4",20,"py_chart_template","False"
"__coapy__159","EXPORTACIONES DE OTROS PRODUCTOS","account.data_account_type_revenue","grupo_cuenta_4",21,"py_chart_template","False"
"__coapy__160","VENTAS DE SERVICIOS GRAVADOS","account.data_account_type_revenue","grupo_cuenta_4",22,"py_chart_template","False"
"__coapy__161","VENTAS DE BIENES - REGÍMENES ESPECIALES","account.data_account_type_revenue","grupo_cuenta_4",23,"py_chart_template","False"
"__coapy__162","VENTAS DE MERCADERIAS - REGIMEN DE TURISMO","account.data_account_type_revenue","grupo_cuenta_4",24,"py_chart_template","False"
"__coapy__163","VENTAS A EXTRANJEROS","account.data_account_type_revenue","grupo_cuenta_4",25,"py_chart_template","False"
"__coapy__164","VENTAS A DISTRIBUIDORES LOCALES","account.data_account_type_revenue","grupo_cuenta_4",26,"py_chart_template","False"
"__coapy__165","VENTAS A CLIENTES LOCALES","account.data_account_type_revenue","grupo_cuenta_4",27,"py_chart_template","False"
"__coapy__166","VENTAS DE MERCADERÍAS - ZONA FRANCA","account.data_account_type_revenue","grupo_cuenta_4",28,"py_chart_template","False"
"__coapy__167","VENTAS POR RÉGIMEN DE MAQUILA ","account.data_account_type_revenue","grupo_cuenta_4",29,"py_chart_template","False"
"__coapy__168","VENTAS BAJO OTROS REGÍMENES ESPECIALES","account.data_account_type_revenue","grupo_cuenta_4",30,"py_chart_template","False"
"__coapy__169","OTRAS VENTAS EXENTAS DEL IVA ","account.data_account_type_revenue","grupo_cuenta_4",31,"py_chart_template","False"
"__coapy__170","(-) DESCUENTOS CONCEDIDOS","account.data_account_type_revenue","grupo_cuenta_4",98,"py_chart_template","False"
"__coapy__171","(-) DEVOLUCIONES","account.data_account_type_revenue","grupo_cuenta_4",99,"py_chart_template","False"
"__coapy__172","COSTO DE MERCADERÍAS ","account.data_account_type_direct_costs","grupo_cuenta_5",1,"py_chart_template","False"
"__coapy__173","COSTO DE MERCADERÍAS GRAVADAS POR EL IVA","account.data_account_type_direct_costs","grupo_cuenta_5",2,"py_chart_template","False"
"__coapy__174","COSTO DE MERCADERÍAS EXENTAS DEL IVA ","account.data_account_type_direct_costs","grupo_cuenta_5",3,"py_chart_template","False"
"__coapy__175","COSTO DE PRODUCTOS AGRÍCOLAS","account.data_account_type_direct_costs","grupo_cuenta_5",4,"py_chart_template","False"
"__coapy__176","COSTO DE VENTAS DE SOJA Y SUS DERIVADOS","account.data_account_type_direct_costs","grupo_cuenta_5",5,"py_chart_template","False"
"__coapy__177","COSTO DE VENTAS DE MAÍZ","account.data_account_type_direct_costs","grupo_cuenta_5",6,"py_chart_template","False"
"__coapy__178","COSTO DE VENTAS DE TRIGO","account.data_account_type_direct_costs","grupo_cuenta_5",7,"py_chart_template","False"
"__coapy__179","COSTO DE VENTAS DE OTROS PRODUCTOS AGRÍCOLAS ","account.data_account_type_direct_costs","grupo_cuenta_5",8,"py_chart_template","False"
"__coapy__180","COSTO DE VENTAS DE GANADO ","account.data_account_type_direct_costs","grupo_cuenta_5",9,"py_chart_template","False"
"__coapy__181","COSTO DE VENTAS DE PRODUCTOS FRUTÍCOLAS Y HORTÍCOLAS","account.data_account_type_direct_costs","grupo_cuenta_5",10,"py_chart_template","False"
"__coapy__182","COSTO DE VENTAS DE PRODUCTOS DE LA EXPLOTACIÓN FORESTAL","account.data_account_type_direct_costs","grupo_cuenta_5",11,"py_chart_template","False"
"__coapy__183","COSTO DE PRODUCTOS AGRÍCOLAS EXPORTADOS ","account.data_account_type_direct_costs","grupo_cuenta_5",12,"py_chart_template","False"
"__coapy__184","COSTO  DE SOJA Y SUS DERIVADOS EXPORTADOS","account.data_account_type_direct_costs","grupo_cuenta_5",13,"py_chart_template","False"
"__coapy__185","COSTO DE EXPORTACIONES A EMPRESAS VINCULADAS","account.data_account_type_direct_costs","grupo_cuenta_5",14,"py_chart_template","False"
"__coapy__186","COSTO DE EXPORTACIONES A TERCEROS NO VINCULADOS","account.data_account_type_direct_costs","grupo_cuenta_5",15,"py_chart_template","False"
"__coapy__187","COSTO DE OTROS PRODUCTOS AGRÍCOLAS EXPORTADOS","account.data_account_type_direct_costs","grupo_cuenta_5",16,"py_chart_template","False"
"__coapy__188","COSTO DE BIENES INDUSTRIALIZADOS EXPORTADOS","account.data_account_type_direct_costs","grupo_cuenta_5",17,"py_chart_template","False"
"__coapy__189","COSTO DE PRODUCTOS FARMACEÚTICOS EXPORTADOS","account.data_account_type_direct_costs","grupo_cuenta_5",18,"py_chart_template","False"
"__coapy__190","COSTO DE MAQUINARIAS Y EQUIPOS EXPORTADOS","account.data_account_type_direct_costs","grupo_cuenta_5",19,"py_chart_template","False"
"__coapy__191","COSTO DE OTROS PRODUCTOS INDUSTRIALIZADOS EXPORTADOS","account.data_account_type_direct_costs","grupo_cuenta_5",20,"py_chart_template","False"
"__coapy__192","COSTO DE OTROS PRODUCTOS EXPORTADOS","account.data_account_type_direct_costs","grupo_cuenta_5",21,"py_chart_template","False"
"__coapy__193","COSTO DE SERVICIOS GRAVADOS","account.data_account_type_direct_costs","grupo_cuenta_5",22,"py_chart_template","False"
"__coapy__194","COSTO DE VENTAS DE BIENES - REGÍMENES ESPECIALES","account.data_account_type_direct_costs","grupo_cuenta_5",23,"py_chart_template","False"
"__coapy__195","COSTO DE VENTAS DE MERCADERÍAS - RÉGIMEN DE TURISMO","account.data_account_type_direct_costs","grupo_cuenta_5",24,"py_chart_template","False"
"__coapy__196","COSTO DE VENTAS A EXTRANJEROS","account.data_account_type_direct_costs","grupo_cuenta_5",25,"py_chart_template","False"
"__coapy__197","COSTO DE VENTAS A DISTRIBUIDORES LOCALES","account.data_account_type_direct_costs","grupo_cuenta_5",26,"py_chart_template","False"
"__coapy__198","COSTO DE VENTAS A CLIENTES LOCALES","account.data_account_type_direct_costs","grupo_cuenta_5",27,"py_chart_template","False"
"__coapy__199","COSTO DE VENTAS DE MERCADERÍAS - ZONA FRANCA","account.data_account_type_direct_costs","grupo_cuenta_5",28,"py_chart_template","False"
"__coapy__200","COSTO DE VENTAS POR RÉGIMEN DE MAQUILA","account.data_account_type_direct_costs","grupo_cuenta_5",29,"py_chart_template","False"
"__coapy__201","COSTO DE VENTAS BAJO OTROS REGÍMENES ESPECIALES","account.data_account_type_direct_costs","grupo_cuenta_5",30,"py_chart_template","False"
"__coapy__202","COSTO DE VENTAS EXENTAS DEL IVA","account.data_account_type_direct_costs","grupo_cuenta_5",31,"py_chart_template","False"
"__coapy__203","INGRESOS POR ACTIVOS BIOLÓGICOS","account.data_account_type_revenue","grupo_cuenta_7",1,"py_chart_template","False"
"__coapy__204","INGRESOS POR PRODUCCIÓN Y/O TENENCIA DE ACTIVOS BIOLÓGICOS","account.data_account_type_revenue","grupo_cuenta_7",2,"py_chart_template","False"
"__coapy__205","INGRESOS POR PRODUCCIÓN Y/O TENENCIA DE BIENES DEL SECTOR AGRÍCOLA","account.data_account_type_revenue","grupo_cuenta_7",3,"py_chart_template","False"
"__coapy__206","INGRESOS POR PRODUCCIÓN Y/O TENENCIA DE GANADO","account.data_account_type_revenue","grupo_cuenta_7",4,"py_chart_template","False"
"__coapy__207","INGRESOS POR PRODUCCIÓN Y/O TENENCIA DE BIENES DE LA ACTIVIDAD FORESTAL","account.data_account_type_revenue","grupo_cuenta_7",5,"py_chart_template","False"
"__coapy__208","(-) COSTO DE PRODUCCIÓN Y/O TENENCIA DE ACTIVOS BIOLÓGICOS","account.data_account_type_revenue","grupo_cuenta_7",6,"py_chart_template","False"
"__coapy__209","(-) COSTO DE PRODUCCIÓN Y/O TENENCIA DE BIENES DEL SECTOR AGRÍCOLA","account.data_account_type_revenue","grupo_cuenta_7",7,"py_chart_template","False"
"__coapy__210","(-) COSTO DE PRODUCCIÓN Y/O TENENCIA DE GANADO","account.data_account_type_revenue","grupo_cuenta_7",8,"py_chart_template","False"
"__coapy__211","(-) COSTO DE PRODUCCIÓN Y/O TENENCIA DE BIENES DE LA ACTIVIDAD FORESTAL","account.data_account_type_revenue","grupo_cuenta_7",9,"py_chart_template","False"
"__coapy__212","(-) MERMAS Y MORTANDAD","account.data_account_type_revenue","grupo_cuenta_7",10,"py_chart_template","False"
"__coapy__213","INTERESES GANADOS","account.data_account_type_other_income","grupo_cuenta_8",1,"py_chart_template","False"
"__coapy__214","COMISIONES COBRADAS","account.data_account_type_other_income","grupo_cuenta_8",2,"py_chart_template","False"
"__coapy__215","DESCUENTOS OBTENIDOS","account.data_account_type_other_income","grupo_cuenta_8",3,"py_chart_template","False"
"__coapy__216","SUBVENCIONES ","account.data_account_type_other_income","grupo_cuenta_8",4,"py_chart_template","False"
"__coapy__217","GANANCIAS POR TIPO DE CAMBIO","account.data_account_type_other_income","grupo_cuenta_8",5,"py_chart_template","False"
"__coapy__219","SUELDOS Y JORNALES ","account.data_account_type_expenses","grupo_cuenta_10",1,"py_chart_template","False"
"__coapy__220","APORTE PATRONAL ","account.data_account_type_expenses","grupo_cuenta_10",2,"py_chart_template","False"
"__coapy__221","OTROS BENEFICIOS AL PERSONAL","account.data_account_type_expenses","grupo_cuenta_10",3,"py_chart_template","False"
"__coapy__222","COMISIONES PAGADAS SOBRE VENTAS","account.data_account_type_expenses","grupo_cuenta_10",4,"py_chart_template","False"
"__coapy__223","VIÁTICOS A VENDEDORES","account.data_account_type_expenses","grupo_cuenta_10",5,"py_chart_template","False"
"__coapy__224","PUBLICIDAD Y PROPAGANDA ","account.data_account_type_expenses","grupo_cuenta_10",6,"py_chart_template","False"
"__coapy__225","FLETES PAGADOS","account.data_account_type_expenses","grupo_cuenta_10",7,"py_chart_template","False"
"__coapy__226","OTROS GASTOS DE VENTAS","account.data_account_type_expenses","grupo_cuenta_10",99,"py_chart_template","False"
"__coapy__228","SUELDOS Y JORNALES ","account.data_account_type_expenses","grupo_cuenta_11",1,"py_chart_template","False"
"__coapy__229","APORTE PATRONAL ","account.data_account_type_expenses","grupo_cuenta_11",2,"py_chart_template","False"
"__coapy__230","OTROS BENEFICIOS AL PERSONAL","account.data_account_type_expenses","grupo_cuenta_11",3,"py_chart_template","False"
"__coapy__231","REMUNERACIÓN PERSONAL SUPERIOR ","account.data_account_type_expenses","grupo_cuenta_11",4,"py_chart_template","False"
"__coapy__232","GASTOS DE REPRESENTACIÓN","account.data_account_type_expenses","grupo_cuenta_11",5,"py_chart_template","False"
"__coapy__233","HONORARIOS PROFESIONALES ","account.data_account_type_expenses","grupo_cuenta_11",6,"py_chart_template","False"
"__coapy__234","ALQUILERES","account.data_account_type_expenses","grupo_cuenta_11",7,"py_chart_template","False"
"__coapy__235","AGUA, LUZ, TELÉFONO E INTERNET ","account.data_account_type_expenses","grupo_cuenta_11",8,"py_chart_template","False"
"__coapy__236","MOVILIDAD","account.data_account_type_expenses","grupo_cuenta_11",9,"py_chart_template","False"
"__coapy__237","COMBUSTIBLES Y LUBRICANTES","account.data_account_type_expenses","grupo_cuenta_11",10,"py_chart_template","False"
"__coapy__238","REPARACIONES Y MANTENIMIENTOS","account.data_account_type_expenses","grupo_cuenta_11",11,"py_chart_template","False"
"__coapy__239","SEGUROS PAGADOS","account.data_account_type_expenses","grupo_cuenta_11",12,"py_chart_template","False"
"__coapy__240","ÚTILES DE OFICINA","account.data_account_type_expenses","grupo_cuenta_11",13,"py_chart_template","False"
"__coapy__241","GASTOS PAGADOS EN EL EXTERIOR ","account.data_account_type_expenses","grupo_cuenta_11",14,"py_chart_template","False"
"__coapy__242","JUICIOS Y GASTOS JUDICIALES ","account.data_account_type_expenses","grupo_cuenta_11",15,"py_chart_template","False"
"__coapy__243","GASTOS DE COBRANZAS ","account.data_account_type_expenses","grupo_cuenta_11",16,"py_chart_template","False"
"__coapy__244","DONACIONES Y CONTRIBUCIONES ","account.data_account_type_expenses","grupo_cuenta_11",17,"py_chart_template","False"
"__coapy__245","COMISIONES Y GASTOS BANCARIOS OPERACIONALES","account.data_account_type_expenses","grupo_cuenta_11",18,"py_chart_template","False"
"__coapy__246","IMPUESTOS, PATENTES, TASAS Y OTRAS CONTRIBUCIONES","account.data_account_type_expenses","grupo_cuenta_11",19,"py_chart_template","False"
"__coapy__247","MULTAS Y SANCIONES","account.data_account_type_expenses","grupo_cuenta_11",20,"py_chart_template","False"
"__coapy__248","INTERESES PAGADOS A ENTIDADES BANCARIAS Y FINANCIERAS","account.data_account_type_expenses","grupo_cuenta_13",1,"py_chart_template","False"
"__coapy__249","OTROS INTERESES PAGADOS","account.data_account_type_expenses","grupo_cuenta_13",2,"py_chart_template","False"
"__coapy__250","COMISIONES Y GASTOS BANCARIOS SOBRE OPERACIONES CREDITICIAS","account.data_account_type_expenses","grupo_cuenta_13",3,"py_chart_template","False"
"__coapy__251","PERDIDAS POR TIPO DE CAMBIO","account.data_account_type_expenses","grupo_cuenta_13",4,"py_chart_template","False"
"__coapy__252","DESAFECTACIÓN DE PREVISIONES ","account.data_account_type_expenses","grupo_cuenta_14",1,"py_chart_template","False"
"__coapy__253","(-) CONSTITUCIÓN DE PREVISIONES ","account.data_account_type_expenses","grupo_cuenta_14",2,"py_chart_template","False"
"__coapy__254","DEPRECIACIONES DEL EJERCICIO ","account.data_account_type_expenses","grupo_cuenta_15",1,"py_chart_template","False"
"__coapy__255","AMORTIZACIONES DEL EJERCICIO","account.data_account_type_expenses","grupo_cuenta_15",2,"py_chart_template","False"
"__coapy__256","UTILIDAD/PÉRDIDA EN VENTA DE ACTIVOS FIJOS","account.data_account_type_expenses","grupo_cuenta_17",1,"py_chart_template","False"
"__coapy__257","UTILIDAD/PÉRDIDA EN VENTA DE INVERSIONES","account.data_account_type_expenses","grupo_cuenta_17",2,"py_chart_template","False"
"__coapy__258","CUENTAS INCOBRABLES RECUPERADAS","account.data_account_type_expenses","grupo_cuenta_17",3,"py_chart_template","False"
"__coapy__259","IMPUESTO A LA RENTA","account.data_account_type_expenses","grupo_cuenta_10",999,"py_chart_template","False"
