id,name,departamento_id/id
coordinacion_intn_departamento_seguridad_industrial_unidad_intn_organismo_oni,Cooordinacion INTN,departamento_seguridad_industrial_unidad_intn_organismo_oni
coordinacion_intn_departamento_seguridad_industrial_unidad_intn_organismo_oni,Cooordinacion INTN,departamento_seguridad_industrial_unidad_intn_organismo_oni
coordinacion_intn_departamento_seguridad_industrial_unidad_intn_organismo_oni,Cooordinacion INTN,departamento_seguridad_industrial_unidad_intn_organismo_oni
coordinacion_intn_departamento_seguridad_industrial_unidad_intn_organismo_oni,Cooordinacion INTN,departamento_seguridad_industrial_unidad_intn_organismo_oni
coordinacion_intn_departamento_seguridad_industrial_unidad_intn_organismo_oni,Cooordinacion INTN,departamento_seguridad_industrial_unidad_intn_organismo_oni
coordinacion_intn_departamento_seguridad_industrial_unidad_intn_organismo_oni,Cooordinacion INTN,departamento_seguridad_industrial_unidad_intn_organismo_oni
coordinacion_intn_departamento_seguridad_industrial_unidad_intn_organismo_oni,Cooordinacion INTN,departamento_seguridad_industrial_unidad_intn_organismo_oni
coordinacion_intn_departamento_seguridad_industrial_unidad_intn_organismo_oni,Cooordinacion INTN,departamento_seguridad_industrial_unidad_intn_organismo_oni
coordinacion_intn_departamento_seguridad_industrial_unidad_intn_organismo_oni,Cooordinacion INTN,departamento_seguridad_industrial_unidad_intn_organismo_oni
coordinacion_intn_departamento_seguridad_industrial_unidad_intn_organismo_oni,Cooordinacion INTN,departamento_seguridad_industrial_unidad_intn_organismo_oni
coordinacion_intn_departamento_seguridad_industrial_unidad_intn_organismo_oni,Cooordinacion INTN,departamento_seguridad_industrial_unidad_intn_organismo_oni
coordinacion_intn_departamento_seguridad_industrial_unidad_intn_organismo_oni,Cooordinacion INTN,departamento_seguridad_industrial_unidad_intn_organismo_oni
coordinacion_intn_departamento_seguridad_industrial_unidad_intn_organismo_oni,Cooordinacion INTN,departamento_seguridad_industrial_unidad_intn_organismo_oni
coordinacion_intn_departamento_seguridad_industrial_unidad_intn_organismo_oni,Cooordinacion INTN,departamento_seguridad_industrial_unidad_intn_organismo_oni
coordinacion_intn_departamento_seguridad_industrial_unidad_intn_organismo_oni,Cooordinacion INTN,departamento_seguridad_industrial_unidad_intn_organismo_oni
coordinacion_intn_departamento_seguridad_industrial_unidad_intn_organismo_oni,Cooordinacion INTN,departamento_seguridad_industrial_unidad_intn_organismo_oni
coordinacion_intn_departamento_seguridad_industrial_unidad_intn_organismo_oni,Cooordinacion INTN,departamento_seguridad_industrial_unidad_intn_organismo_oni
coordinacion_intn_departamento_seguridad_industrial_unidad_intn_organismo_oni,Cooordinacion INTN,departamento_seguridad_industrial_unidad_intn_organismo_oni
coordinacion_intn_departamento_seguridad_industrial_unidad_intn_organismo_oni,Cooordinacion INTN,departamento_seguridad_industrial_unidad_intn_organismo_oni
coordinacion_intn_departamento_seguridad_industrial_unidad_intn_organismo_oni,Cooordinacion INTN,departamento_seguridad_industrial_unidad_intn_organismo_oni
coordinacion_intn_departamento_seguridad_industrial_unidad_intn_organismo_oni,Cooordinacion INTN,departamento_seguridad_industrial_unidad_intn_organismo_oni
coordinacion_intn_departamento_seguridad_industrial_unidad_intn_organismo_oni,Cooordinacion INTN,departamento_seguridad_industrial_unidad_intn_organismo_oni
coordinacion_intn_departamento_seguridad_industrial_unidad_intn_organismo_oni,Cooordinacion INTN,departamento_seguridad_industrial_unidad_intn_organismo_oni
coordinacion_intn_departamento_inspeccion_de_instalaciones_unidad_intn_organismo_oni,Cooordinacion INTN,departamento_inspeccion_de_instalaciones_unidad_intn_organismo_oni
coordinacion_intn_departamento_inspeccion_de_instalaciones_unidad_intn_organismo_oni,Cooordinacion INTN,departamento_inspeccion_de_instalaciones_unidad_intn_organismo_oni
coordinacion_intn_departamento_inspeccion_de_instalaciones_unidad_intn_organismo_oni,Cooordinacion INTN,departamento_inspeccion_de_instalaciones_unidad_intn_organismo_oni
coordinacion_intn_departamento_inspeccion_de_instalaciones_unidad_intn_organismo_oni,Cooordinacion INTN,departamento_inspeccion_de_instalaciones_unidad_intn_organismo_oni
coordinacion_intn_departamento_inspeccion_de_instalaciones_unidad_intn_organismo_oni,Cooordinacion INTN,departamento_inspeccion_de_instalaciones_unidad_intn_organismo_oni
coordinacion_umci_departamento_de_termoelectrica_unidad_umci_organismo_onm,COORDINACIÓN UMCI,departamento_de_termoelectrica_unidad_umci_organismo_onm
coordinacion_umci_departamento_de_termoelectrica_unidad_umci_organismo_onm,COORDINACIÓN UMCI,departamento_de_termoelectrica_unidad_umci_organismo_onm
coordinacion_umci_departamento_de_termoelectrica_unidad_umci_organismo_onm,COORDINACIÓN UMCI,departamento_de_termoelectrica_unidad_umci_organismo_onm
coordinacion_umci_departamento_de_termoelectrica_unidad_umci_organismo_onm,COORDINACIÓN UMCI,departamento_de_termoelectrica_unidad_umci_organismo_onm
coordinacion_umci_departamento_mecanica_unidad_umci_organismo_onm,COORDINACIÓN UMCI,departamento_mecanica_unidad_umci_organismo_onm
coordinacion_umci_departamento_mecanica_unidad_umci_organismo_onm,COORDINACIÓN UMCI,departamento_mecanica_unidad_umci_organismo_onm
coordinacion_umci_departamento_mecanica_unidad_umci_organismo_onm,COORDINACIÓN UMCI,departamento_mecanica_unidad_umci_organismo_onm
coordinacion_umci_departamento_mecanica_unidad_umci_organismo_onm,COORDINACIÓN UMCI,departamento_mecanica_unidad_umci_organismo_onm
coordinacion_umci_departamento_de_termoelectrica_unidad_umci_organismo_onm,COORDINACIÓN UMCI,departamento_de_termoelectrica_unidad_umci_organismo_onm
coordinacion_umci_departamento_de_termoelectrica_unidad_umci_organismo_onm,COORDINACIÓN UMCI,departamento_de_termoelectrica_unidad_umci_organismo_onm
coordinacion_umci_departamento_de_termoelectrica_unidad_umci_organismo_onm,COORDINACIÓN UMCI,departamento_de_termoelectrica_unidad_umci_organismo_onm
coordinacion_umci_departamento_de_termoelectrica_unidad_umci_organismo_onm,COORDINACIÓN UMCI,departamento_de_termoelectrica_unidad_umci_organismo_onm
coordinacion_umci_departamento_de_termoelectrica_unidad_umci_organismo_onm,COORDINACIÓN UMCI,departamento_de_termoelectrica_unidad_umci_organismo_onm
coordinacion_umci_departamento_de_termoelectrica_unidad_umci_organismo_onm,COORDINACIÓN UMCI,departamento_de_termoelectrica_unidad_umci_organismo_onm
coordinacion_umci_departamento_mecanica_unidad_umci_organismo_onm,COORDINACIÓN UMCI,departamento_mecanica_unidad_umci_organismo_onm
coordinacion_umci_departamento_mecanica_unidad_umci_organismo_onm,COORDINACIÓN UMCI,departamento_mecanica_unidad_umci_organismo_onm
coordinacion_umci_departamento_mecanica_unidad_umci_organismo_onm,COORDINACIÓN UMCI,departamento_mecanica_unidad_umci_organismo_onm
coordinacion_umci_departamento_mecanica_unidad_umci_organismo_onm,COORDINACIÓN UMCI,departamento_mecanica_unidad_umci_organismo_onm
coordinacion_umci_departamento_mecanica_unidad_umci_organismo_onm,COORDINACIÓN UMCI,departamento_mecanica_unidad_umci_organismo_onm
coordinacion_umci_departamento_mecanica_unidad_umci_organismo_onm,COORDINACIÓN UMCI,departamento_mecanica_unidad_umci_organismo_onm
coordinacion_umci_departamento_mecanica_unidad_umci_organismo_onm,COORDINACIÓN UMCI,departamento_mecanica_unidad_umci_organismo_onm
coordinacion_umci_departamento_mecanica_unidad_umci_organismo_onm,COORDINACIÓN UMCI,departamento_mecanica_unidad_umci_organismo_onm
coordinacion_umci_departamento_mecanica_unidad_umci_organismo_onm,COORDINACIÓN UMCI,departamento_mecanica_unidad_umci_organismo_onm
coordinacion_umci_departamento_mecanica_unidad_umci_organismo_onm,COORDINACIÓN UMCI,departamento_mecanica_unidad_umci_organismo_onm
coordinacion_umci_departamento_mecanica_unidad_umci_organismo_onm,COORDINACIÓN UMCI,departamento_mecanica_unidad_umci_organismo_onm
coordinacion_umci_departamento_de_termoelectrica_unidad_umci_organismo_onm,COORDINACIÓN UMCI,departamento_de_termoelectrica_unidad_umci_organismo_onm
coordinacion_umci_departamento_de_termoelectrica_unidad_umci_organismo_onm,COORDINACIÓN UMCI,departamento_de_termoelectrica_unidad_umci_organismo_onm
coordinacion_umci_departamento_de_termoelectrica_unidad_umci_organismo_onm,COORDINACIÓN UMCI,departamento_de_termoelectrica_unidad_umci_organismo_onm
coordinacion_umci_departamento_de_termoelectrica_unidad_umci_organismo_onm,COORDINACIÓN UMCI,departamento_de_termoelectrica_unidad_umci_organismo_onm
coordinacion_umci_departamento_de_termoelectrica_unidad_umci_organismo_onm,COORDINACIÓN UMCI,departamento_de_termoelectrica_unidad_umci_organismo_onm
coordinacion_umci_departamento_de_termoelectrica_unidad_umci_organismo_onm,COORDINACIÓN UMCI,departamento_de_termoelectrica_unidad_umci_organismo_onm
coordinacion_umci_departamento_de_termoelectrica_unidad_umci_organismo_onm,COORDINACIÓN UMCI,departamento_de_termoelectrica_unidad_umci_organismo_onm
coordinacion_umci_departamento_de_termoelectrica_unidad_umci_organismo_onm,COORDINACIÓN UMCI,departamento_de_termoelectrica_unidad_umci_organismo_onm
coordinacion_umci_departamento_de_termoelectrica_unidad_umci_organismo_onm,COORDINACIÓN UMCI,departamento_de_termoelectrica_unidad_umci_organismo_onm
coordinacion_umci_departamento_de_termoelectrica_unidad_umci_organismo_onm,COORDINACIÓN UMCI,departamento_de_termoelectrica_unidad_umci_organismo_onm
coordinacion_umci_departamento_de_termoelectrica_unidad_umci_organismo_onm,COORDINACIÓN UMCI,departamento_de_termoelectrica_unidad_umci_organismo_onm
coordinacion_umci_departamento_de_termoelectrica_unidad_umci_organismo_onm,COORDINACIÓN UMCI,departamento_de_termoelectrica_unidad_umci_organismo_onm
coordinacion_umci_departamento_de_termoelectrica_unidad_umci_organismo_onm,COORDINACIÓN UMCI,departamento_de_termoelectrica_unidad_umci_organismo_onm
coordinacion_umci_departamento_de_termoelectrica_unidad_umci_organismo_onm,COORDINACIÓN UMCI,departamento_de_termoelectrica_unidad_umci_organismo_onm
coordinacion_umci_departamento_de_termoelectrica_unidad_umci_organismo_onm,COORDINACIÓN UMCI,departamento_de_termoelectrica_unidad_umci_organismo_onm
coordinacion_umci_departamento_cpea_unidad_umci_organismo_onm,COORDINACIÓN UMCI,departamento_cpea_unidad_umci_organismo_onm
coordinacion_umci_departamento_cpea_unidad_umci_organismo_onm,COORDINACIÓN UMCI,departamento_cpea_unidad_umci_organismo_onm
coordinacion_umci_departamento_cpea_unidad_umci_organismo_onm,COORDINACIÓN UMCI,departamento_cpea_unidad_umci_organismo_onm
coordinacion_umci_departamento_cpea_unidad_umci_organismo_onm,COORDINACIÓN UMCI,departamento_cpea_unidad_umci_organismo_onm
coordinacion_umci_departamento_cpea_unidad_umci_organismo_onm,COORDINACIÓN UMCI,departamento_cpea_unidad_umci_organismo_onm
coordinacion_umci_departamento_de_termoelectrica_unidad_umci_organismo_onm,COORDINACIÓN UMCI,departamento_de_termoelectrica_unidad_umci_organismo_onm
coordinacion_umci_departamento_de_termoelectrica_unidad_umci_organismo_onm,COORDINACIÓN UMCI,departamento_de_termoelectrica_unidad_umci_organismo_onm
coordinacion_umci_departamento_de_termoelectrica_unidad_umci_organismo_onm,COORDINACIÓN UMCI,departamento_de_termoelectrica_unidad_umci_organismo_onm
coordinacion_umci_departamento_mecanica_unidad_umci_organismo_onm,COORDINACIÓN UMCI,departamento_mecanica_unidad_umci_organismo_onm
coordinacion_umci_departamento_mecanica_unidad_umci_organismo_onm,COORDINACIÓN UMCI,departamento_mecanica_unidad_umci_organismo_onm
coordinacion_umci_departamento_mecanica_unidad_umci_organismo_onm,COORDINACIÓN UMCI,departamento_mecanica_unidad_umci_organismo_onm
coordinacion_umci_departamento_mecanica_unidad_umci_organismo_onm,COORDINACIÓN UMCI,departamento_mecanica_unidad_umci_organismo_onm
coordinacion_umci_departamento_mecanica_unidad_umci_organismo_onm,COORDINACIÓN UMCI,departamento_mecanica_unidad_umci_organismo_onm
coordinacion_umci_departamento_mecanica_unidad_umci_organismo_onm,COORDINACIÓN UMCI,departamento_mecanica_unidad_umci_organismo_onm
coordinacion_umci_departamento_mecanica_unidad_umci_organismo_onm,COORDINACIÓN UMCI,departamento_mecanica_unidad_umci_organismo_onm
coordinacion_umci_departamento_mecanica_unidad_umci_organismo_onm,COORDINACIÓN UMCI,departamento_mecanica_unidad_umci_organismo_onm
coordinacion_umci_departamento_mecanica_unidad_umci_organismo_onm,COORDINACIÓN UMCI,departamento_mecanica_unidad_umci_organismo_onm
coordinacion_umci_departamento_de_masa_unidad_umci_organismo_onm,COORDINACIÓN UMCI,departamento_de_masa_unidad_umci_organismo_onm
coordinacion_umci_departamento_de_masa_unidad_umci_organismo_onm,COORDINACIÓN UMCI,departamento_de_masa_unidad_umci_organismo_onm
coordinacion_umci_departamento_de_masa_unidad_umci_organismo_onm,COORDINACIÓN UMCI,departamento_de_masa_unidad_umci_organismo_onm
coordinacion_umci_departamento_de_masa_unidad_umci_organismo_onm,COORDINACIÓN UMCI,departamento_de_masa_unidad_umci_organismo_onm
coordinacion_umci_departamento_de_masa_unidad_umci_organismo_onm,COORDINACIÓN UMCI,departamento_de_masa_unidad_umci_organismo_onm
coordinacion_umci_departamento_de_masa_unidad_umci_organismo_onm,COORDINACIÓN UMCI,departamento_de_masa_unidad_umci_organismo_onm
coordinacion_umci_departamento_de_masa_unidad_umci_organismo_onm,COORDINACIÓN UMCI,departamento_de_masa_unidad_umci_organismo_onm
coordinacion_umci_departamento_de_masa_unidad_umci_organismo_onm,COORDINACIÓN UMCI,departamento_de_masa_unidad_umci_organismo_onm
coordinacion_umci_departamento_de_masa_unidad_umci_organismo_onm,COORDINACIÓN UMCI,departamento_de_masa_unidad_umci_organismo_onm
coordinacion_umci_departamento_de_masa_unidad_umci_organismo_onm,COORDINACIÓN UMCI,departamento_de_masa_unidad_umci_organismo_onm
coordinacion_umci_departamento_de_masa_unidad_umci_organismo_onm,COORDINACIÓN UMCI,departamento_de_masa_unidad_umci_organismo_onm
coordinacion_umci_departamento_de_masa_unidad_umci_organismo_onm,COORDINACIÓN UMCI,departamento_de_masa_unidad_umci_organismo_onm
coordinacion_umci_departamento_de_masa_unidad_umci_organismo_onm,COORDINACIÓN UMCI,departamento_de_masa_unidad_umci_organismo_onm
coordinacion_umci_departamento_de_masa_unidad_umci_organismo_onm,COORDINACIÓN UMCI,departamento_de_masa_unidad_umci_organismo_onm
coordinacion_umci_departamento_de_masa_unidad_umci_organismo_onm,COORDINACIÓN UMCI,departamento_de_masa_unidad_umci_organismo_onm
coordinacion_umci_departamento_de_masa_unidad_umci_organismo_onm,COORDINACIÓN UMCI,departamento_de_masa_unidad_umci_organismo_onm
coordinacion_umci_departamento_de_masa_unidad_umci_organismo_onm,COORDINACIÓN UMCI,departamento_de_masa_unidad_umci_organismo_onm
coordinacion_umci_departamento_de_masa_unidad_umci_organismo_onm,COORDINACIÓN UMCI,departamento_de_masa_unidad_umci_organismo_onm
coordinacion_umci_departamento_de_masa_unidad_umci_organismo_onm,COORDINACIÓN UMCI,departamento_de_masa_unidad_umci_organismo_onm
coordinacion_umci_departamento_de_masa_unidad_umci_organismo_onm,COORDINACIÓN UMCI,departamento_de_masa_unidad_umci_organismo_onm
coordinacion_umci_departamento_de_masa_unidad_umci_organismo_onm,COORDINACIÓN UMCI,departamento_de_masa_unidad_umci_organismo_onm
coordinacion_umci_departamento_de_masa_unidad_umci_organismo_onm,COORDINACIÓN UMCI,departamento_de_masa_unidad_umci_organismo_onm
coordinacion_umci_departamento_de_masa_unidad_umci_organismo_onm,COORDINACIÓN UMCI,departamento_de_masa_unidad_umci_organismo_onm
coordinacion_umci_departamento_de_masa_unidad_umci_organismo_onm,COORDINACIÓN UMCI,departamento_de_masa_unidad_umci_organismo_onm
coordinacion_umci_departamento_mecanica_unidad_umci_organismo_onm,COORDINACIÓN UMCI,departamento_mecanica_unidad_umci_organismo_onm
coordinacion_umci_departamento_mecanica_unidad_umci_organismo_onm,COORDINACIÓN UMCI,departamento_mecanica_unidad_umci_organismo_onm
coordinacion_umci_departamento_de_masa_unidad_umci_organismo_onm,COORDINACIÓN UMCI,departamento_de_masa_unidad_umci_organismo_onm
coordinacion_umci_departamento_de_masa_unidad_umci_organismo_onm,COORDINACIÓN UMCI,departamento_de_masa_unidad_umci_organismo_onm
coordinacion_umci_departamento_de_masa_unidad_umci_organismo_onm,COORDINACIÓN UMCI,departamento_de_masa_unidad_umci_organismo_onm
coordinacion_umci_departamento_de_masa_unidad_umci_organismo_onm,COORDINACIÓN UMCI,departamento_de_masa_unidad_umci_organismo_onm
coordinacion_umci_departamento_de_masa_unidad_umci_organismo_onm,COORDINACIÓN UMCI,departamento_de_masa_unidad_umci_organismo_onm
coordinacion_umci_departamento_de_masa_unidad_umci_organismo_onm,COORDINACIÓN UMCI,departamento_de_masa_unidad_umci_organismo_onm
coordinacion_umci_departamento_de_masa_unidad_umci_organismo_onm,COORDINACIÓN UMCI,departamento_de_masa_unidad_umci_organismo_onm
coordinacion_umci_departamento_de_masa_unidad_umci_organismo_onm,COORDINACIÓN UMCI,departamento_de_masa_unidad_umci_organismo_onm
coordinacion_umci_departamento_de_masa_unidad_umci_organismo_onm,COORDINACIÓN UMCI,departamento_de_masa_unidad_umci_organismo_onm
coordinacion_umci_departamento_de_masa_unidad_umci_organismo_onm,COORDINACIÓN UMCI,departamento_de_masa_unidad_umci_organismo_onm
coordinacion_umci_departamento_de_masa_unidad_umci_organismo_onm,COORDINACIÓN UMCI,departamento_de_masa_unidad_umci_organismo_onm
coordinacion_umci_departamento_de_masa_unidad_umci_organismo_onm,COORDINACIÓN UMCI,departamento_de_masa_unidad_umci_organismo_onm
coordinacion_umci_departamento_de_masa_unidad_umci_organismo_onm,COORDINACIÓN UMCI,departamento_de_masa_unidad_umci_organismo_onm
coordinacion_umci_departamento_de_masa_unidad_umci_organismo_onm,COORDINACIÓN UMCI,departamento_de_masa_unidad_umci_organismo_onm
coordinacion_umci_departamento_de_masa_unidad_umci_organismo_onm,COORDINACIÓN UMCI,departamento_de_masa_unidad_umci_organismo_onm
coordinacion_umci_departamento_de_masa_unidad_umci_organismo_onm,COORDINACIÓN UMCI,departamento_de_masa_unidad_umci_organismo_onm
coordinacion_umci_departamento_de_masa_unidad_umci_organismo_onm,COORDINACIÓN UMCI,departamento_de_masa_unidad_umci_organismo_onm
coordinacion_umci_departamento_de_masa_unidad_umci_organismo_onm,COORDINACIÓN UMCI,departamento_de_masa_unidad_umci_organismo_onm
coordinacion_umci_departamento_de_masa_unidad_umci_organismo_onm,COORDINACIÓN UMCI,departamento_de_masa_unidad_umci_organismo_onm
coordinacion_umci_departamento_de_masa_unidad_umci_organismo_onm,COORDINACIÓN UMCI,departamento_de_masa_unidad_umci_organismo_onm
coordinacion_umci_departamento_de_masa_unidad_umci_organismo_onm,COORDINACIÓN UMCI,departamento_de_masa_unidad_umci_organismo_onm
coordinacion_umci_departamento_de_masa_unidad_umci_organismo_onm,COORDINACIÓN UMCI,departamento_de_masa_unidad_umci_organismo_onm
coordinacion_umci_departamento_de_masa_unidad_umci_organismo_onm,COORDINACIÓN UMCI,departamento_de_masa_unidad_umci_organismo_onm
coordinacion_umci_departamento_de_masa_unidad_umci_organismo_onm,COORDINACIÓN UMCI,departamento_de_masa_unidad_umci_organismo_onm
coordinacion_umci_departamento_de_masa_unidad_umci_organismo_onm,COORDINACIÓN UMCI,departamento_de_masa_unidad_umci_organismo_onm
coordinacion_umci_departamento_de_masa_unidad_umci_organismo_onm,COORDINACIÓN UMCI,departamento_de_masa_unidad_umci_organismo_onm
coordinacion_umci_departamento_de_masa_unidad_umci_organismo_onm,COORDINACIÓN UMCI,departamento_de_masa_unidad_umci_organismo_onm
coordinacion_umci_departamento_de_masa_unidad_umci_organismo_onm,COORDINACIÓN UMCI,departamento_de_masa_unidad_umci_organismo_onm
coordinacion_umci_departamento_de_masa_unidad_umci_organismo_onm,COORDINACIÓN UMCI,departamento_de_masa_unidad_umci_organismo_onm
coordinacion_umci_departamento_de_masa_unidad_umci_organismo_onm,COORDINACIÓN UMCI,departamento_de_masa_unidad_umci_organismo_onm
coordinacion_umci_departamento_de_masa_unidad_umci_organismo_onm,COORDINACIÓN UMCI,departamento_de_masa_unidad_umci_organismo_onm
coordinacion_umci_departamento_de_masa_unidad_umci_organismo_onm,COORDINACIÓN UMCI,departamento_de_masa_unidad_umci_organismo_onm
coordinacion_umci_departamento_de_masa_unidad_umci_organismo_onm,COORDINACIÓN UMCI,departamento_de_masa_unidad_umci_organismo_onm
coordinacion_umci_departamento_de_masa_unidad_umci_organismo_onm,COORDINACIÓN UMCI,departamento_de_masa_unidad_umci_organismo_onm
coordinacion_umci_departamento_de_masa_unidad_umci_organismo_onm,COORDINACIÓN UMCI,departamento_de_masa_unidad_umci_organismo_onm
coordinacion_umci_departamento_de_masa_unidad_umci_organismo_onm,COORDINACIÓN UMCI,departamento_de_masa_unidad_umci_organismo_onm
coordinacion_umci_departamento_de_masa_unidad_umci_organismo_onm,COORDINACIÓN UMCI,departamento_de_masa_unidad_umci_organismo_onm
coordinacion_umci_departamento_de_masa_unidad_umci_organismo_onm,COORDINACIÓN UMCI,departamento_de_masa_unidad_umci_organismo_onm
coordinacion_umci_departamento_de_masa_unidad_umci_organismo_onm,COORDINACIÓN UMCI,departamento_de_masa_unidad_umci_organismo_onm
coordinacion_umci_departamento_de_masa_unidad_umci_organismo_onm,COORDINACIÓN UMCI,departamento_de_masa_unidad_umci_organismo_onm
coordinacion_umci_departamento_de_masa_unidad_umci_organismo_onm,COORDINACIÓN UMCI,departamento_de_masa_unidad_umci_organismo_onm
coordinacion_umci_departamento_de_masa_unidad_umci_organismo_onm,COORDINACIÓN UMCI,departamento_de_masa_unidad_umci_organismo_onm
coordinacion_umci_departamento_de_masa_unidad_umci_organismo_onm,COORDINACIÓN UMCI,departamento_de_masa_unidad_umci_organismo_onm
coordinacion_umci_departamento_de_masa_unidad_umci_organismo_onm,COORDINACIÓN UMCI,departamento_de_masa_unidad_umci_organismo_onm
coordinacion_umci_departamento_de_masa_unidad_umci_organismo_onm,COORDINACIÓN UMCI,departamento_de_masa_unidad_umci_organismo_onm
coordinacion_umci_departamento_de_masa_unidad_umci_organismo_onm,COORDINACIÓN UMCI,departamento_de_masa_unidad_umci_organismo_onm
coordinacion_umci_departamento_de_masa_unidad_umci_organismo_onm,COORDINACIÓN UMCI,departamento_de_masa_unidad_umci_organismo_onm
coordinacion_umci_departamento_de_masa_unidad_umci_organismo_onm,COORDINACIÓN UMCI,departamento_de_masa_unidad_umci_organismo_onm
coordinacion_umci_departamento_de_masa_unidad_umci_organismo_onm,COORDINACIÓN UMCI,departamento_de_masa_unidad_umci_organismo_onm
coordinacion_umci_departamento_de_masa_unidad_umci_organismo_onm,COORDINACIÓN UMCI,departamento_de_masa_unidad_umci_organismo_onm
coordinacion_umci_departamento_de_masa_unidad_umci_organismo_onm,COORDINACIÓN UMCI,departamento_de_masa_unidad_umci_organismo_onm
coordinacion_umci_departamento_de_masa_unidad_umci_organismo_onm,COORDINACIÓN UMCI,departamento_de_masa_unidad_umci_organismo_onm
coordinacion_umci_departamento_de_masa_unidad_umci_organismo_onm,COORDINACIÓN UMCI,departamento_de_masa_unidad_umci_organismo_onm
coordinacion_umci_departamento_de_masa_unidad_umci_organismo_onm,COORDINACIÓN UMCI,departamento_de_masa_unidad_umci_organismo_onm
coordinacion_umci_departamento_de_masa_unidad_umci_organismo_onm,COORDINACIÓN UMCI,departamento_de_masa_unidad_umci_organismo_onm
coordinacion_umci_departamento_de_masa_unidad_umci_organismo_onm,COORDINACIÓN UMCI,departamento_de_masa_unidad_umci_organismo_onm
coordinacion_umci_departamento_de_masa_unidad_umci_organismo_onm,COORDINACIÓN UMCI,departamento_de_masa_unidad_umci_organismo_onm
coordinacion_umci_departamento_de_masa_unidad_umci_organismo_onm,COORDINACIÓN UMCI,departamento_de_masa_unidad_umci_organismo_onm
coordinacion_umci_departamento_de_masa_unidad_umci_organismo_onm,COORDINACIÓN UMCI,departamento_de_masa_unidad_umci_organismo_onm
coordinacion_umci_departamento_de_masa_unidad_umci_organismo_onm,COORDINACIÓN UMCI,departamento_de_masa_unidad_umci_organismo_onm
coordinacion_umci_departamento_de_masa_unidad_umci_organismo_onm,COORDINACIÓN UMCI,departamento_de_masa_unidad_umci_organismo_onm
coordinacion_umci_departamento_de_masa_unidad_umci_organismo_onm,COORDINACIÓN UMCI,departamento_de_masa_unidad_umci_organismo_onm
coordinacion_umci_departamento_de_masa_unidad_umci_organismo_onm,COORDINACIÓN UMCI,departamento_de_masa_unidad_umci_organismo_onm
coordinacion_umci_departamento_de_masa_unidad_umci_organismo_onm,COORDINACIÓN UMCI,departamento_de_masa_unidad_umci_organismo_onm
coordinacion_umci_departamento_de_masa_unidad_umci_organismo_onm,COORDINACIÓN UMCI,departamento_de_masa_unidad_umci_organismo_onm
coordinacion_umci_departamento_de_masa_unidad_umci_organismo_onm,COORDINACIÓN UMCI,departamento_de_masa_unidad_umci_organismo_onm
coordinacion_umci_departamento_de_masa_unidad_umci_organismo_onm,COORDINACIÓN UMCI,departamento_de_masa_unidad_umci_organismo_onm
coordinacion_umci_departamento_de_masa_unidad_umci_organismo_onm,COORDINACIÓN UMCI,departamento_de_masa_unidad_umci_organismo_onm
coordinacion_umci_departamento_de_masa_unidad_umci_organismo_onm,COORDINACIÓN UMCI,departamento_de_masa_unidad_umci_organismo_onm
coordinacion_umci_departamento_de_masa_unidad_umci_organismo_onm,COORDINACIÓN UMCI,departamento_de_masa_unidad_umci_organismo_onm
coordinacion_umci_departamento_de_masa_unidad_umci_organismo_onm,COORDINACIÓN UMCI,departamento_de_masa_unidad_umci_organismo_onm
coordinacion_umci_departamento_de_masa_unidad_umci_organismo_onm,COORDINACIÓN UMCI,departamento_de_masa_unidad_umci_organismo_onm
coordinacion_umci_departamento_de_masa_unidad_umci_organismo_onm,COORDINACIÓN UMCI,departamento_de_masa_unidad_umci_organismo_onm
coordinacion_umci_departamento_de_masa_unidad_umci_organismo_onm,COORDINACIÓN UMCI,departamento_de_masa_unidad_umci_organismo_onm
coordinacion_umci_departamento_de_termoelectrica_unidad_umci_organismo_onm,COORDINACIÓN UMCI,departamento_de_termoelectrica_unidad_umci_organismo_onm
coordinacion_umci_departamento_de_termoelectrica_unidad_umci_organismo_onm,COORDINACIÓN UMCI,departamento_de_termoelectrica_unidad_umci_organismo_onm
coordinacion_umci_departamento_de_termoelectrica_unidad_umci_organismo_onm,COORDINACIÓN UMCI,departamento_de_termoelectrica_unidad_umci_organismo_onm
coordinacion_umci_departamento_de_termoelectrica_unidad_umci_organismo_onm,COORDINACIÓN UMCI,departamento_de_termoelectrica_unidad_umci_organismo_onm
coordinacion_umci_departamento_de_termoelectrica_unidad_umci_organismo_onm,COORDINACIÓN UMCI,departamento_de_termoelectrica_unidad_umci_organismo_onm
coordinacion_umci_departamento_mecanica_unidad_umci_organismo_onm,COORDINACIÓN UMCI,departamento_mecanica_unidad_umci_organismo_onm
coordinacion_umci_departamento_mecanica_unidad_umci_organismo_onm,COORDINACIÓN UMCI,departamento_mecanica_unidad_umci_organismo_onm
coordinacion_umci_departamento_mecanica_unidad_umci_organismo_onm,COORDINACIÓN UMCI,departamento_mecanica_unidad_umci_organismo_onm
coordinacion_umci_departamento_mecanica_unidad_umci_organismo_onm,COORDINACIÓN UMCI,departamento_mecanica_unidad_umci_organismo_onm
coordinacion_umci_departamento_mecanica_unidad_umci_organismo_onm,COORDINACIÓN UMCI,departamento_mecanica_unidad_umci_organismo_onm
coordinacion_umci_departamento_mecanica_unidad_umci_organismo_onm,COORDINACIÓN UMCI,departamento_mecanica_unidad_umci_organismo_onm
coordinacion_umci_departamento_mecanica_unidad_umci_organismo_onm,COORDINACIÓN UMCI,departamento_mecanica_unidad_umci_organismo_onm
coordinacion_umci_departamento_de_masa_unidad_umci_organismo_onm,COORDINACIÓN UMCI,departamento_de_masa_unidad_umci_organismo_onm
coordinacion_umci_departamento_de_masa_unidad_umci_organismo_onm,COORDINACIÓN UMCI,departamento_de_masa_unidad_umci_organismo_onm
coordinacion_umci_departamento_de_termoelectrica_unidad_umci_organismo_onm,COORDINACIÓN UMCI,departamento_de_termoelectrica_unidad_umci_organismo_onm
coordinacion_umci_departamento_de_termoelectrica_unidad_umci_organismo_onm,COORDINACIÓN UMCI,departamento_de_termoelectrica_unidad_umci_organismo_onm
coordinacion_umci_departamento_de_termoelectrica_unidad_umci_organismo_onm,COORDINACIÓN UMCI,departamento_de_termoelectrica_unidad_umci_organismo_onm
coordinacion_umci_departamento_de_termoelectrica_unidad_umci_organismo_onm,COORDINACIÓN UMCI,departamento_de_termoelectrica_unidad_umci_organismo_onm
coordinacion_umci_departamento_de_termoelectrica_unidad_umci_organismo_onm,COORDINACIÓN UMCI,departamento_de_termoelectrica_unidad_umci_organismo_onm
coordinacion_umci_departamento_de_termoelectrica_unidad_umci_organismo_onm,COORDINACIÓN UMCI,departamento_de_termoelectrica_unidad_umci_organismo_onm
coordinacion_umci_departamento_mecanica_unidad_umci_organismo_onm,COORDINACIÓN UMCI,departamento_mecanica_unidad_umci_organismo_onm
coordinacion_umci_departamento_de_termoelectrica_unidad_umci_organismo_onm,COORDINACIÓN UMCI,departamento_de_termoelectrica_unidad_umci_organismo_onm
coordinacion_umci_departamento_de_masa_unidad_umci_organismo_onm,COORDINACIÓN UMCI,departamento_de_masa_unidad_umci_organismo_onm
coordinacion_umci_departamento_de_masa_unidad_umci_organismo_onm,COORDINACIÓN UMCI,departamento_de_masa_unidad_umci_organismo_onm
coordinacion_umci_departamento_de_masa_unidad_umci_organismo_onm,COORDINACIÓN UMCI,departamento_de_masa_unidad_umci_organismo_onm
coordinacion_umci_departamento_de_masa_unidad_umci_organismo_onm,COORDINACIÓN UMCI,departamento_de_masa_unidad_umci_organismo_onm
coordinacion_umci_departamento_de_masa_unidad_umci_organismo_onm,COORDINACIÓN UMCI,departamento_de_masa_unidad_umci_organismo_onm
coordinacion_umci_departamento_de_masa_unidad_umci_organismo_onm,COORDINACIÓN UMCI,departamento_de_masa_unidad_umci_organismo_onm
coordinacion_umci_departamento_de_masa_unidad_umci_organismo_onm,COORDINACIÓN UMCI,departamento_de_masa_unidad_umci_organismo_onm
coordinacion_umci_departamento_de_masa_unidad_umci_organismo_onm,COORDINACIÓN UMCI,departamento_de_masa_unidad_umci_organismo_onm
coordinacion_umci_departamento_de_masa_unidad_umci_organismo_onm,COORDINACIÓN UMCI,departamento_de_masa_unidad_umci_organismo_onm
coordinacion_umci_departamento_de_masa_unidad_umci_organismo_onm,COORDINACIÓN UMCI,departamento_de_masa_unidad_umci_organismo_onm
coordinacion_umci_departamento_de_masa_unidad_umci_organismo_onm,COORDINACIÓN UMCI,departamento_de_masa_unidad_umci_organismo_onm
coordinacion_umci_departamento_de_masa_unidad_umci_organismo_onm,COORDINACIÓN UMCI,departamento_de_masa_unidad_umci_organismo_onm
coordinacion_umci_departamento_de_masa_unidad_umci_organismo_onm,COORDINACIÓN UMCI,departamento_de_masa_unidad_umci_organismo_onm
coordinacion_umci_departamento_de_masa_unidad_umci_organismo_onm,COORDINACIÓN UMCI,departamento_de_masa_unidad_umci_organismo_onm
coordinacion_umci_departamento_de_masa_unidad_umci_organismo_onm,COORDINACIÓN UMCI,departamento_de_masa_unidad_umci_organismo_onm
coordinacion_umci_departamento_de_masa_unidad_umci_organismo_onm,COORDINACIÓN UMCI,departamento_de_masa_unidad_umci_organismo_onm
coordinacion_umci_departamento_de_termoelectrica_unidad_umci_organismo_onm,COORDINACIÓN UMCI,departamento_de_termoelectrica_unidad_umci_organismo_onm
coordinacion_umci_departamento_de_termoelectrica_unidad_umci_organismo_onm,COORDINACIÓN UMCI,departamento_de_termoelectrica_unidad_umci_organismo_onm
coordinacion_umci_departamento_de_termoelectrica_unidad_umci_organismo_onm,COORDINACIÓN UMCI,departamento_de_termoelectrica_unidad_umci_organismo_onm
coordinacion_umci_departamento_de_termoelectrica_unidad_umci_organismo_onm,COORDINACIÓN UMCI,departamento_de_termoelectrica_unidad_umci_organismo_onm
coordinacion_umci_departamento_de_termoelectrica_unidad_umci_organismo_onm,COORDINACIÓN UMCI,departamento_de_termoelectrica_unidad_umci_organismo_onm
coordinacion_umci_departamento_de_termoelectrica_unidad_umci_organismo_onm,COORDINACIÓN UMCI,departamento_de_termoelectrica_unidad_umci_organismo_onm
coordinacion_umci_departamento_de_termoelectrica_unidad_umci_organismo_onm,COORDINACIÓN UMCI,departamento_de_termoelectrica_unidad_umci_organismo_onm
coordinacion_umci_departamento_de_termoelectrica_unidad_umci_organismo_onm,COORDINACIÓN UMCI,departamento_de_termoelectrica_unidad_umci_organismo_onm
coordinacion_umci_departamento_de_termoelectrica_unidad_umci_organismo_onm,COORDINACIÓN UMCI,departamento_de_termoelectrica_unidad_umci_organismo_onm
coordinacion_umci_departamento_de_masa_unidad_umci_organismo_onm,COORDINACIÓN UMCI,departamento_de_masa_unidad_umci_organismo_onm
coordinacion_umci_departamento_de_masa_unidad_umci_organismo_onm,COORDINACIÓN UMCI,departamento_de_masa_unidad_umci_organismo_onm
coordinacion_umci_departamento_de_masa_unidad_umci_organismo_onm,COORDINACIÓN UMCI,departamento_de_masa_unidad_umci_organismo_onm
coordinacion_umci_departamento_de_masa_unidad_umci_organismo_onm,COORDINACIÓN UMCI,departamento_de_masa_unidad_umci_organismo_onm
coordinacion_umci_departamento_de_masa_unidad_umci_organismo_onm,COORDINACIÓN UMCI,departamento_de_masa_unidad_umci_organismo_onm
coordinacion_umci_departamento_de_masa_unidad_umci_organismo_onm,COORDINACIÓN UMCI,departamento_de_masa_unidad_umci_organismo_onm
coordinacion_umci_departamento_de_masa_unidad_umci_organismo_onm,COORDINACIÓN UMCI,departamento_de_masa_unidad_umci_organismo_onm
coordinacion_umci_departamento_de_masa_unidad_umci_organismo_onm,COORDINACIÓN UMCI,departamento_de_masa_unidad_umci_organismo_onm
coordinacion_umci_departamento_de_masa_unidad_umci_organismo_onm,COORDINACIÓN UMCI,departamento_de_masa_unidad_umci_organismo_onm
coordinacion_umci_departamento_de_masa_unidad_umci_organismo_onm,COORDINACIÓN UMCI,departamento_de_masa_unidad_umci_organismo_onm
coordinacion_umci_departamento_de_masa_unidad_umci_organismo_onm,COORDINACIÓN UMCI,departamento_de_masa_unidad_umci_organismo_onm
coordinacion_umci_departamento_de_masa_unidad_umci_organismo_onm,COORDINACIÓN UMCI,departamento_de_masa_unidad_umci_organismo_onm
coordinacion_umci_departamento_de_masa_unidad_umci_organismo_onm,COORDINACIÓN UMCI,departamento_de_masa_unidad_umci_organismo_onm
coordinacion_umci_departamento_de_masa_unidad_umci_organismo_onm,COORDINACIÓN UMCI,departamento_de_masa_unidad_umci_organismo_onm
coordinacion_umci_departamento_de_masa_unidad_umci_organismo_onm,COORDINACIÓN UMCI,departamento_de_masa_unidad_umci_organismo_onm
coordinacion_umci_departamento_de_masa_unidad_umci_organismo_onm,COORDINACIÓN UMCI,departamento_de_masa_unidad_umci_organismo_onm
coordinacion_umci_departamento_de_masa_unidad_umci_organismo_onm,COORDINACIÓN UMCI,departamento_de_masa_unidad_umci_organismo_onm
coordinacion_umci_departamento_de_masa_unidad_umci_organismo_onm,COORDINACIÓN UMCI,departamento_de_masa_unidad_umci_organismo_onm
coordinacion_umci_departamento_de_masa_unidad_umci_organismo_onm,COORDINACIÓN UMCI,departamento_de_masa_unidad_umci_organismo_onm
coordinacion_umci_departamento_de_masa_unidad_umci_organismo_onm,COORDINACIÓN UMCI,departamento_de_masa_unidad_umci_organismo_onm
coordinacion_umci_departamento_de_masa_unidad_umci_organismo_onm,COORDINACIÓN UMCI,departamento_de_masa_unidad_umci_organismo_onm
coordinacion_umci_departamento_de_masa_unidad_umci_organismo_onm,COORDINACIÓN UMCI,departamento_de_masa_unidad_umci_organismo_onm
coordinacion_umci_departamento_de_masa_unidad_umci_organismo_onm,COORDINACIÓN UMCI,departamento_de_masa_unidad_umci_organismo_onm
coordinacion_umci_departamento_de_masa_unidad_umci_organismo_onm,COORDINACIÓN UMCI,departamento_de_masa_unidad_umci_organismo_onm
coordinacion_umci_departamento_de_masa_unidad_umci_organismo_onm,COORDINACIÓN UMCI,departamento_de_masa_unidad_umci_organismo_onm
coordinacion_umci_departamento_de_masa_unidad_umci_organismo_onm,COORDINACIÓN UMCI,departamento_de_masa_unidad_umci_organismo_onm
coordinacion_umci_departamento_de_masa_unidad_umci_organismo_onm,COORDINACIÓN UMCI,departamento_de_masa_unidad_umci_organismo_onm
coordinacion_umci_departamento_de_masa_unidad_umci_organismo_onm,COORDINACIÓN UMCI,departamento_de_masa_unidad_umci_organismo_onm
coordinacion_umci_departamento_de_masa_unidad_umci_organismo_onm,COORDINACIÓN UMCI,departamento_de_masa_unidad_umci_organismo_onm
coordinacion_umci_departamento_de_masa_unidad_umci_organismo_onm,COORDINACIÓN UMCI,departamento_de_masa_unidad_umci_organismo_onm
coordinacion_umci_departamento_de_masa_unidad_umci_organismo_onm,COORDINACIÓN UMCI,departamento_de_masa_unidad_umci_organismo_onm
coordinacion_umci_departamento_de_masa_unidad_umci_organismo_onm,COORDINACIÓN UMCI,departamento_de_masa_unidad_umci_organismo_onm
coordinacion_umci_departamento_de_masa_unidad_umci_organismo_onm,COORDINACIÓN UMCI,departamento_de_masa_unidad_umci_organismo_onm
coordinacion_umci_departamento_de_masa_unidad_umci_organismo_onm,COORDINACIÓN UMCI,departamento_de_masa_unidad_umci_organismo_onm
coordinacion_umci_departamento_de_masa_unidad_umci_organismo_onm,COORDINACIÓN UMCI,departamento_de_masa_unidad_umci_organismo_onm
coordinacion_umci_departamento_de_masa_unidad_umci_organismo_onm,COORDINACIÓN UMCI,departamento_de_masa_unidad_umci_organismo_onm
coordinacion_umci_departamento_de_masa_unidad_umci_organismo_onm,COORDINACIÓN UMCI,departamento_de_masa_unidad_umci_organismo_onm
coordinacion_umci_departamento_de_masa_unidad_umci_organismo_onm,COORDINACIÓN UMCI,departamento_de_masa_unidad_umci_organismo_onm
coordinacion_umci_departamento_de_masa_unidad_umci_organismo_onm,COORDINACIÓN UMCI,departamento_de_masa_unidad_umci_organismo_onm
coordinacion_umci_departamento_de_masa_unidad_umci_organismo_onm,COORDINACIÓN UMCI,departamento_de_masa_unidad_umci_organismo_onm
coordinacion_umci_departamento_de_masa_unidad_umci_organismo_onm,COORDINACIÓN UMCI,departamento_de_masa_unidad_umci_organismo_onm
coordinacion_umci_departamento_de_masa_unidad_umci_organismo_onm,COORDINACIÓN UMCI,departamento_de_masa_unidad_umci_organismo_onm
coordinacion_umci_departamento_de_masa_unidad_umci_organismo_onm,COORDINACIÓN UMCI,departamento_de_masa_unidad_umci_organismo_onm
coordinacion_umci_departamento_de_masa_unidad_umci_organismo_onm,COORDINACIÓN UMCI,departamento_de_masa_unidad_umci_organismo_onm
coordinacion_umci_departamento_de_masa_unidad_umci_organismo_onm,COORDINACIÓN UMCI,departamento_de_masa_unidad_umci_organismo_onm
coordinacion_umci_departamento_de_masa_unidad_umci_organismo_onm,COORDINACIÓN UMCI,departamento_de_masa_unidad_umci_organismo_onm
coordinacion_umci_departamento_de_masa_unidad_umci_organismo_onm,COORDINACIÓN UMCI,departamento_de_masa_unidad_umci_organismo_onm
coordinacion_umci_departamento_de_termoelectrica_unidad_umci_organismo_onm,COORDINACIÓN UMCI,departamento_de_termoelectrica_unidad_umci_organismo_onm
coordinacion_umci_departamento_de_masa_unidad_umci_organismo_onm,COORDINACIÓN UMCI,departamento_de_masa_unidad_umci_organismo_onm
coordinacion_umci_departamento_de_masa_unidad_umci_organismo_onm,COORDINACIÓN UMCI,departamento_de_masa_unidad_umci_organismo_onm
coordinacion_umci_departamento_de_termoelectrica_unidad_umci_organismo_onm,COORDINACIÓN UMCI,departamento_de_termoelectrica_unidad_umci_organismo_onm
coordinacion_umci_departamento_de_masa_unidad_umci_organismo_onm,COORDINACIÓN UMCI,departamento_de_masa_unidad_umci_organismo_onm
coordinacion_umci_departamento_de_masa_unidad_umci_organismo_onm,COORDINACIÓN UMCI,departamento_de_masa_unidad_umci_organismo_onm
coordinacion_umci_departamento_de_masa_unidad_umci_organismo_onm,COORDINACIÓN UMCI,departamento_de_masa_unidad_umci_organismo_onm
coordinacion_umci_departamento_de_masa_unidad_umci_organismo_onm,COORDINACIÓN UMCI,departamento_de_masa_unidad_umci_organismo_onm
coordinacion_umci_departamento_de_termoelectrica_unidad_umci_organismo_onm,COORDINACIÓN UMCI,departamento_de_termoelectrica_unidad_umci_organismo_onm
coordinacion_umci_departamento_de_masa_unidad_umci_organismo_onm,COORDINACIÓN UMCI,departamento_de_masa_unidad_umci_organismo_onm
coordinacion_umci_departamento_de_masa_unidad_umci_organismo_onm,COORDINACIÓN UMCI,departamento_de_masa_unidad_umci_organismo_onm
